{"type":"FeatureCollection","features":[{"type":"Feature","properties":{"name":"Williams Creek Ecological Reserve","des":"ECOLOGICAL RESERVE","cls":"park","ha":699},"geometry":{"type":"Polygon","coordinates":[[[-128.2211,54.3808],[-128.2657,54.3757],[-128.2789,54.3754],[-128.2598,54.3575],[-128.2142,54.3635],[-128.2211,54.3808]]]}},{"type":"Feature","properties":{"name":"Babine River Corridor Park","des":"PROVINCIAL PARK","cls":"park","ha":15359},"geometry":{"type":"Polygon","coordinates":[[[-126.684,55.4362],[-126.6954,55.4699],[-126.6843,55.4833],[-126.6876,55.4909],[-126.7168,55.4928],[-126.7158,55.5236],[-126.7683,55.5471],[-126.8024,55.5748],[-126.8019,55.5833],[-126.849,55.5968],[-126.8735,55.6196],[-126.894,55.6263],[-126.9364,55.6297],[-126.9729,55.6405],[-127.049,55.6302],[-127.1034,55.6313],[-127.123,55.6377],[-127.1337,55.6365],[-127.1457,55.6157],[-127.1847,55.6109],[-127.1984,55.6155],[-127.2134,55.6101],[-127.2267,55.6159],[-127.261,55.6144],[-127.4329,55.6482],[-127.4734,55.6788],[-127.4853,55.676],[-127.5457,55.7022],[-127.5648,55.7048],[-127.5646,55.6996],[-127.574,55.6995],[-127.5106,55.6653],[-127.5071,55.6712],[-127.4648,55.6515],[-127.4392,55.6292],[-127.4136,55.6261],[-127.4105,55.634],[-127.3883,55.6237],[-127.2855,55.6016],[-127.2447,55.5998],[-127.2008,55.5876],[-127.1803,55.5921],[-127.1646,55.5823],[-127.1537,55.5902],[-127.0712,55.6118],[-127.0437,55.6057],[-126.9868,55.6156],[-126.9203,55.6152],[-126.8945,55.6086],[-126.8406,55.5664],[-126.7947,55.5412],[-126.7998,55.5271],[-126.7952,55.5199],[-126.7642,55.5023],[-126.7604,55.5101],[-126.7349,55.4966],[-126.743,55.4911],[-126.7364,55.4775],[-126.7129,55.461],[-126.7051,55.4278],[-126.6985,55.4246],[-126.684,55.4362]]]}},{"type":"Feature","properties":{"name":"Boulder Creek Park","des":"PROVINCIAL PARK","cls":"park","ha":53},"geometry":{"type":"MultiPolygon","coordinates":[[[[-127.426,55.1071],[-127.4308,55.1077],[-127.4322,55.1106],[-127.4363,55.1055],[-127.4279,55.1002],[-127.426,55.1071]]],[[[-127.4312,55.1118],[-127.426,55.1073],[-127.4249,55.1113],[-127.4312,55.1118]]]]}},{"type":"Feature","properties":{"name":"Netalzul Meadows Park","des":"PROVINCIAL PARK","cls":"park","ha":292},"geometry":{"type":"Polygon","coordinates":[[[-127.066,55.2287],[-127.0083,55.2337],[-127.0083,55.2427],[-127.0303,55.2427],[-127.066,55.2287]]]}},{"type":"Feature","properties":{"name":"Nilkitkwa Lake Park","des":"PROVINCIAL PARK","cls":"park","ha":10.3},"geometry":{"type":"MultiPolygon","coordinates":[[[[-126.6594,55.3976],[-126.6588,55.4006],[-126.6643,55.4005],[-126.6594,55.3976]]],[[[-126.6502,55.3696],[-126.6478,55.3712],[-126.6514,55.3709],[-126.6502,55.3696]]]]}},{"type":"Feature","properties":{"name":"Rainbow Alley Park","des":"PROVINCIAL PARK","cls":"park","ha":110},"geometry":{"type":"Polygon","coordinates":[[[-126.6557,55.3318],[-126.6295,55.3314],[-126.6293,55.3391],[-126.6592,55.3373],[-126.6557,55.3318]]]}},{"type":"Feature","properties":{"name":"Stuart River Park - Lower Site","des":"PROVINCIAL PARK","cls":"park","ha":null},"geometry":{"type":"MultiPolygon","coordinates":[[[[-123.5205,54.1487],[-123.5406,54.1441],[-123.5477,54.1297],[-123.5328,54.127],[-123.5665,54.1152],[-123.573,54.1069],[-123.5669,54.1],[-123.4931,54.0854],[-123.4931,54.0744],[-123.5359,54.071],[-123.5719,54.0834],[-123.5857,54.0685],[-123.6162,54.0638],[-123.6223,54.0494],[-123.6285,54.0494],[-123.6285,54.035],[-123.6039,54.035],[-123.6039,54.006],[-123.6162,54.006],[-123.6162,53.9986],[-123.653,53.9986],[-123.6531,53.9861],[-123.6446,53.9861],[-123.6446,53.9763],[-123.6336,53.9842],[-123.6114,53.9862],[-123.6139,53.9897],[-123.5956,53.9899],[-123.5948,53.9846],[-123.564,53.9914],[-123.5336,53.9877],[-123.5226,53.9963],[-123.5285,54.0045],[-123.5285,54.0298],[-123.5039,54.0443],[-123.4301,54.0658],[-123.4442,54.1052],[-123.5205,54.1487]]],[[[-124.1455,54.2811],[-124.2322,54.3379],[-124.2322,54.3468],[-124.2412,54.352],[-124.2453,54.3379],[-124.2191,54.2981],[-124.2372,54.29],[-124.23,54.2841],[-124.1787,54.2832],[-124.1308,54.2588],[-124.0484,54.2363],[-123.9485,54.1966],[-123.8104,54.1949],[-123.759,54.1745],[-123.7095,54.1716],[-123.7155,54.1926],[-123.7059,54.1926],[-123.7024,54.1999],[-123.74,54.2],[-123.8075,54.2193],[-123.8696,54.2174],[-123.933,54.2255],[-123.9375,54.2207],[-123.9803,54.2334],[-123.9775,54.2428],[-123.9977,54.2508],[-124.0118,54.2465],[-124.1455,54.2811]],[[-124.1876,54.2956],[-124.1997,54.3038],[-124.1996,54.3062],[-124.1873,54.3062],[-124.1876,54.2956]]]]}},{"type":"Feature","properties":{"name":"Sutherland River Protected Area","des":"PROTECTED AREA","cls":"park","ha":4835},"geometry":{"type":"Polygon","coordinates":[[[-124.8798,54.3382],[-124.8505,54.3329],[-124.8213,54.3154],[-124.8118,54.306],[-124.8137,54.3004],[-124.6736,54.313],[-124.6911,54.3236],[-124.6904,54.3291],[-124.7412,54.3254],[-124.7998,54.3452],[-124.8184,54.3405],[-124.8315,54.3444],[-124.8527,54.3667],[-124.884,54.3778],[-124.9182,54.4009],[-124.943,54.3836],[-124.8759,54.3535],[-124.8798,54.3382]]]}},{"type":"Feature","properties":{"name":"Burnt Cabin Bog Ecological Reserve","des":"ECOLOGICAL RESERVE","cls":"park","ha":670},"geometry":{"type":"MultiPolygon","coordinates":[[[[-126.9084,54.7677],[-126.9372,54.7677],[-126.9295,54.7625],[-126.9394,54.7585],[-126.8892,54.7273],[-126.8727,54.7402],[-126.9059,54.7455],[-126.9084,54.7677]]],[[[-126.9361,54.7647],[-126.9358,54.765],[-126.9364,54.7653],[-126.9361,54.7647]]],[[[-126.9465,54.7617],[-126.9326,54.7632],[-126.9358,54.7642],[-126.9392,54.7666],[-126.9465,54.7617]]]]}},{"type":"Feature","properties":{"name":"Catherine Creek Ecological Reserve","des":"ECOLOGICAL RESERVE","cls":"park","ha":45},"geometry":{"type":"Polygon","coordinates":[[[-127.4517,55.2031],[-127.4344,55.1993],[-127.4343,55.2029],[-127.4517,55.2031]]]}},{"type":"Feature","properties":{"name":"Grayling River Hot Springs Ecological Reserve","des":"ECOLOGICAL RESERVE","cls":"park","ha":1421},"geometry":{"type":"Polygon","coordinates":[[[-125.515,59.6037],[-125.5058,59.6202],[-125.592,59.6476],[-125.5869,59.6077],[-125.515,59.6037]]]}},{"type":"Feature","properties":{"name":"Portage Brule Rapids Ecological Reserve","des":"ECOLOGICAL RESERVE","cls":"park","ha":724},"geometry":{"type":"Polygon","coordinates":[[[-126.8451,59.635],[-126.8685,59.6425],[-126.9491,59.6502],[-126.9431,59.6393],[-126.9128,59.63],[-126.8451,59.635]]]}},{"type":"Feature","properties":{"name":"Bear Glacier Park","des":"PROVINCIAL PARK","cls":"park","ha":542},"geometry":{"type":"Polygon","coordinates":[[[-129.629,56.1028],[-129.6814,56.1096],[-129.7022,56.0858],[-129.629,56.1028]]]}},{"type":"Feature","properties":{"name":"Denetiah Corridor Protected Area","des":"PROTECTED AREA","cls":"park","ha":7441},"geometry":{"type":"Polygon","coordinates":[[[-127.1032,58.6612],[-127.0918,58.6331],[-127.0572,58.6207],[-127.0303,58.6013],[-126.9927,58.6172],[-126.9731,58.6183],[-126.9877,58.6385],[-127.1243,58.7301],[-127.1716,58.7295],[-127.219,58.7128],[-127.1954,58.6963],[-127.1032,58.6612]]]}},{"type":"Feature","properties":{"name":"Seven Sisters Park","des":"PROVINCIAL PARK","cls":"park","ha":27200},"geometry":{"type":"Polygon","coordinates":[[[-128.103,54.9001],[-128.1094,54.904],[-128.0876,54.9116],[-128.085,54.9262],[-128.0336,54.9324],[-128.0368,54.9383],[-128.0158,54.9639],[-128.0227,54.9787],[-127.9964,54.9948],[-128.0058,55.015],[-128.0256,55.0199],[-128.0648,55.0527],[-128.0932,55.0523],[-128.1648,55.0275],[-128.1655,55.0145],[-128.2031,55.0127],[-128.2725,54.9898],[-128.2564,54.9416],[-128.2741,54.9312],[-128.262,54.8986],[-128.2512,54.826],[-128.2291,54.8277],[-128.2126,54.8369],[-128.1936,54.835],[-128.163,54.8579],[-128.1335,54.8522],[-128.1173,54.8659],[-128.0876,54.8626],[-128.0907,54.881],[-128.1071,54.8893],[-128.103,54.9001]]]}},{"type":"Feature","properties":{"name":"Portage Brule Rapids Protected Area","des":"PROTECTED AREA","cls":"park","ha":427},"geometry":{"type":"Polygon","coordinates":[[[-126.8425,59.6368],[-126.8751,59.6504],[-126.9507,59.6583],[-126.9462,59.6515],[-126.8425,59.6368]]]}},{"type":"Feature","properties":{"name":"Babine Mountains Trails (Park Act Section 6)","des":"PROTECTED AREA","cls":"park","ha":null},"geometry":{"type":"MultiPolygon","coordinates":[[[[-126.7903,54.9243],[-126.7553,54.9182],[-126.7584,54.9199],[-126.7671,54.9225],[-126.7799,54.924],[-126.7903,54.9245],[-126.7965,54.9242],[-126.8011,54.9226],[-126.803,54.9232],[-126.8055,54.9229],[-126.8119,54.9199],[-126.8095,54.9231],[-126.8091,54.9242],[-126.8094,54.9251],[-126.8079,54.926],[-126.8074,54.9268],[-126.8132,54.9262],[-126.8159,54.9246],[-126.8182,54.9223],[-126.821,54.9233],[-126.8229,54.9226],[-126.829,54.9223],[-126.8311,54.9216],[-126.8181,54.9221],[-126.8076,54.9266],[-126.8097,54.9252],[-126.8123,54.9198],[-126.7903,54.9243]]],[[[-126.8649,54.799],[-126.8753,54.8102],[-126.8741,54.8099],[-126.8731,54.8098],[-126.8713,54.8102],[-126.8699,54.8131],[-126.8673,54.8134],[-126.8647,54.813],[-126.8635,54.8132],[-126.862,54.814],[-126.8594,54.8182],[-126.8557,54.819],[-126.8526,54.8214],[-126.8525,54.8219],[-126.853,54.8226],[-126.8544,54.8241],[-126.8527,54.8254],[-126.8524,54.8269],[-126.8536,54.8315],[-126.8546,54.8241],[-126.8526,54.8216],[-126.8595,54.8182],[-126.8633,54.8134],[-126.8644,54.8131],[-126.8664,54.8134],[-126.87,54.8131],[-126.8727,54.8099],[-126.877,54.8105],[-126.8804,54.8135],[-126.8788,54.8166],[-126.8796,54.8185],[-126.8802,54.8189],[-126.9013,54.8107],[-126.9013,54.8101],[-126.899,54.81],[-126.8992,54.809],[-126.8989,54.8087],[-126.9045,54.8087],[-126.9033,54.8061],[-126.9052,54.8067],[-126.9068,54.8051],[-126.9068,54.8044],[-126.906,54.8036],[-126.9061,54.8029],[-126.9078,54.8028],[-126.906,54.8029],[-126.9051,54.8067],[-126.9034,54.806],[-126.9031,54.806],[-126.9044,54.8086],[-126.8987,54.8087],[-126.8988,54.81],[-126.9012,54.8106],[-126.8802,54.8188],[-126.8806,54.8135],[-126.8794,54.8118],[-126.8749,54.8092],[-126.8761,54.805],[-126.8651,54.7989],[-126.875,54.792],[-126.873,54.7873],[-126.878,54.788],[-126.8783,54.7879],[-126.8785,54.7875],[-126.8729,54.7873],[-126.8749,54.7919],[-126.8673,54.7942],[-126.8649,54.799]]]]}},{"type":"Feature","properties":{"name":"Border Lake Park","des":"PROVINCIAL PARK","cls":"park","ha":814},"geometry":{"type":"Polygon","coordinates":[[[-130.7447,56.3436],[-130.7305,56.3347],[-130.7114,56.3378],[-130.6834,56.3671],[-130.7173,56.3739],[-130.7286,56.3549],[-130.7447,56.3436]]]}},{"type":"Feature","properties":{"name":"Craig Headwaters Protected Area","des":"PROTECTED AREA","cls":"park","ha":7101},"geometry":{"type":"Polygon","coordinates":[[[-131.213,56.5505],[-131.1578,56.5784],[-131.1098,56.5934],[-131.1138,56.602],[-131.1378,56.6129],[-131.1416,56.6259],[-131.2005,56.6141],[-131.2527,56.5887],[-131.2775,56.533],[-131.3453,56.5092],[-131.2873,56.4892],[-131.229,56.5028],[-131.2143,56.5294],[-131.213,56.5505]]]}},{"type":"Feature","properties":{"name":"Iskut River Hot Springs Park","des":"PROVINCIAL PARK","cls":"park","ha":6},"geometry":{"type":"Polygon","coordinates":[[[-130.3598,57.0825],[-130.3618,57.0849],[-130.3625,57.0817],[-130.3598,57.0825]]]}},{"type":"Feature","properties":{"name":"Lava Forks Park","des":"PROVINCIAL PARK","cls":"park","ha":7463},"geometry":{"type":"Polygon","coordinates":[[[-130.848,56.4],[-130.8564,56.4161],[-130.8497,56.4225],[-130.867,56.45],[-130.8586,56.4571],[-130.8614,56.4667],[-130.8384,56.4857],[-130.839,56.4955],[-130.8822,56.5056],[-130.8836,56.5129],[-130.8926,56.5158],[-130.9561,56.4808],[-130.9251,56.4592],[-130.9575,56.4395],[-130.9574,56.4325],[-130.932,56.4161],[-130.9312,56.4067],[-130.9167,56.4031],[-130.9218,56.3851],[-130.8093,56.3706],[-130.848,56.4]]]}},{"type":"Feature","properties":{"name":"Liard River Corridor Protected Area","des":"PROTECTED AREA","cls":"park","ha":4793},"geometry":{"type":"MultiPolygon","coordinates":[[[[-126.0046,59.4286],[-126.0101,59.396],[-125.9964,59.3953],[-125.9838,59.4195],[-125.9127,59.4444],[-125.8307,59.4613],[-125.807,59.462],[-125.7568,59.4441],[-125.7679,59.4635],[-125.8343,59.4764],[-125.9246,59.4566],[-126.0046,59.4286]]],[[[-125.041,59.3212],[-124.9707,59.2852],[-124.9463,59.2926],[-124.9976,59.325],[-125.037,59.3355],[-125.1464,59.3369],[-125.1904,59.325],[-125.041,59.3212]]]]}},{"type":"Feature","properties":{"name":"Liard River West Corridor Park","des":"PROVINCIAL PARK","cls":"park","ha":1903},"geometry":{"type":"MultiPolygon","coordinates":[[[[-125.887,59.4344],[-125.816,59.4591],[-125.8307,59.4613],[-125.9127,59.4444],[-125.9838,59.4195],[-125.9964,59.3953],[-125.9468,59.3938],[-125.9274,59.4266],[-125.887,59.4344]]],[[[-125.7568,59.4441],[-125.7968,59.4567],[-125.7828,59.4458],[-125.7568,59.4441]]],[[[-125.7286,59.4151],[-125.6904,59.4159],[-125.7299,59.428],[-125.7286,59.4151]]],[[[-126.0388,59.3949],[-126.0083,59.3974],[-126.0085,59.4245],[-126.0365,59.4217],[-126.0388,59.3949]]],[[[-125.6416,59.4],[-125.6361,59.394],[-125.6146,59.3957],[-125.4908,59.3745],[-125.4851,59.3784],[-125.6416,59.4]]]]}},{"type":"Feature","properties":{"name":"Northern Rocky Mountains Protected Area","des":"PROTECTED AREA","cls":"park","ha":763},"geometry":{"type":"Polygon","coordinates":[[[-124.3057,58.6571],[-124.3291,58.6531],[-124.4287,58.6679],[-124.5093,58.6575],[-124.5481,58.6652],[-124.6075,58.6548],[-124.583,58.6531],[-124.5468,58.6614],[-124.5095,58.6538],[-124.4283,58.6642],[-124.3302,58.6496],[-124.3057,58.6571]]]}},{"type":"Feature","properties":{"name":"Seven Sisters Protected Area","des":"PROTECTED AREA","cls":"park","ha":12006},"geometry":{"type":"MultiPolygon","coordinates":[[[[-128.1953,55.074],[-128.2284,55.0577],[-128.2284,55.0512],[-128.2346,55.0558],[-128.2409,55.0475],[-128.2737,55.0437],[-128.2938,55.0145],[-128.3234,55.0113],[-128.3271,55.0013],[-128.3373,55.0002],[-128.3346,54.9937],[-128.265,54.9671],[-128.2725,54.9898],[-128.2031,55.0127],[-128.1655,55.0145],[-128.1648,55.0275],[-128.0979,55.0507],[-128.1142,55.0595],[-128.1608,55.0442],[-128.1743,55.0458],[-128.1953,55.074]]],[[[-128.2825,54.8137],[-128.2831,54.8123],[-128.2815,54.8115],[-128.2825,54.8137]]],[[[-128.2831,54.8025],[-128.2813,54.8112],[-128.2834,54.812],[-128.2839,54.8149],[-128.2905,54.8166],[-128.2935,54.82],[-128.2945,54.8103],[-128.2831,54.8025]]],[[[-128.3771,54.8747],[-128.387,54.8797],[-128.3777,54.8662],[-128.3771,54.8747]]],[[[-128.3842,54.8834],[-128.3799,54.8888],[-128.3855,54.8888],[-128.3842,54.8834]]],[[[-128.2698,54.9151],[-128.3015,54.9079],[-128.3516,54.9069],[-128.3741,54.8978],[-128.3786,54.8779],[-128.371,54.876],[-128.3652,54.8649],[-128.359,54.8689],[-128.3456,54.8575],[-128.3276,54.8538],[-128.3259,54.8402],[-128.2946,54.8308],[-128.2881,54.8235],[-128.2907,54.8176],[-128.2823,54.8149],[-128.2801,54.8112],[-128.2763,54.8112],[-128.2512,54.826],[-128.262,54.8986],[-128.2698,54.9151]]],[[[-128.2864,55.0313],[-128.2827,55.0346],[-128.2826,55.0365],[-128.2871,55.0365],[-128.2864,55.0313]]],[[[-128.2103,55.0686],[-128.1953,55.0777],[-128.2184,55.0686],[-128.2103,55.0686]]]]}},{"type":"Feature","properties":{"name":"Spatsizi Headwaters Park","des":"PROVINCIAL PARK","cls":"park","ha":427},"geometry":{"type":"Polygon","coordinates":[[[-128.7506,57.1133],[-128.7831,57.0835],[-128.7598,57.088],[-128.735,57.106],[-128.7506,57.1133]]]}},{"type":"Feature","properties":{"name":"Trembleur Lake Park","des":"PROVINCIAL PARK","cls":"park","ha":57},"geometry":{"type":"Polygon","coordinates":[[[-125.2252,54.8252],[-125.2256,54.8314],[-125.2381,54.8312],[-125.2375,54.8216],[-125.231,54.8279],[-125.2252,54.8252]]]}},{"type":"Feature","properties":{"name":"Tuya Mountains Park","des":"PROVINCIAL PARK","cls":"park","ha":18001},"geometry":{"type":"Polygon","coordinates":[[[-130.4255,59.1364],[-130.4152,59.1462],[-130.381,59.1515],[-130.3796,59.1919],[-130.3851,59.1952],[-130.3736,59.2121],[-130.3914,59.2087],[-130.4223,59.219],[-130.4433,59.215],[-130.4509,59.2273],[-130.4443,59.234],[-130.4588,59.2416],[-130.4737,59.2354],[-130.5002,59.2688],[-130.5119,59.2709],[-130.5119,59.2636],[-130.5228,59.2543],[-130.5675,59.2396],[-130.5903,59.2213],[-130.5599,59.2062],[-130.5679,59.1921],[-130.5838,59.1872],[-130.5861,59.1705],[-130.6287,59.1727],[-130.6622,59.1845],[-130.6564,59.1808],[-130.6638,59.1624],[-130.6567,59.1429],[-130.6612,59.129],[-130.65,59.129],[-130.6401,59.1173],[-130.6271,59.1177],[-130.6299,59.1122],[-130.6144,59.1067],[-130.6184,59.0914],[-130.6033,59.0806],[-130.5964,59.0933],[-130.5169,59.1125],[-130.5179,59.1238],[-130.4797,59.111],[-130.4507,59.1131],[-130.4441,59.1214],[-130.4445,59.1354],[-130.4255,59.1364]]]}},{"type":"Feature","properties":{"name":"Choquette Hot Springs Park","des":"PROVINCIAL PARK","cls":"park","ha":52},"geometry":{"type":"Polygon","coordinates":[[[-131.7516,56.8295],[-131.7516,56.8374],[-131.7635,56.8292],[-131.7516,56.8295]]]}},{"type":"Feature","properties":{"name":"Great Glacier Park","des":"PROVINCIAL PARK","cls":"park","ha":9313},"geometry":{"type":"Polygon","coordinates":[[[-131.9471,56.898],[-131.973,56.8917],[-131.9043,56.8365],[-131.8879,56.8341],[-131.8884,56.82],[-131.9025,56.8142],[-131.8724,56.8061],[-131.8768,56.798],[-131.855,56.7906],[-131.8478,56.7797],[-131.8141,56.7837],[-131.7897,56.7789],[-131.7813,56.7909],[-131.784,56.8099],[-131.7663,56.8322],[-131.7738,56.836],[-131.7671,56.8364],[-131.7823,56.8591],[-131.7836,56.8777],[-131.8527,56.8905],[-131.8826,56.8853],[-131.9471,56.898]]]}},{"type":"Feature","properties":{"name":"Sustut Park","des":"PROVINCIAL PARK","cls":"park","ha":75037},"geometry":{"type":"Polygon","coordinates":[[[-126.6126,56.2509],[-126.5889,56.2595],[-126.5886,56.2691],[-126.656,56.306],[-126.6551,56.3316],[-126.6059,56.3418],[-126.6037,56.3499],[-126.5778,56.3516],[-126.5665,56.3609],[-126.5475,56.3539],[-126.5345,56.3569],[-126.515,56.3477],[-126.4856,56.3583],[-126.4764,56.3648],[-126.4857,56.3774],[-126.4641,56.3902],[-126.4418,56.3907],[-126.4291,56.3949],[-126.4325,56.3993],[-126.4237,56.4037],[-126.3917,56.411],[-126.4029,56.4307],[-126.3803,56.4507],[-126.4498,56.4833],[-126.4965,56.4813],[-126.4919,56.4936],[-126.5551,56.521],[-126.512,56.5227],[-126.5247,56.5419],[-126.5561,56.5333],[-126.5592,56.5425],[-126.5499,56.5561],[-126.5547,56.5647],[-126.563,56.5651],[-126.5662,56.5569],[-126.5827,56.5503],[-126.5972,56.5597],[-126.6142,56.556],[-126.621,56.5627],[-126.6589,56.5698],[-126.6693,56.5516],[-126.6114,56.5457],[-126.6114,56.5387],[-126.6717,56.5404],[-126.6778,56.5324],[-126.691,56.5336],[-126.6923,56.5272],[-126.7028,56.5255],[-126.6959,56.5163],[-126.7063,56.5131],[-126.7026,56.5083],[-126.7569,56.4747],[-126.7505,56.4658],[-126.7576,56.4568],[-126.7779,56.4542],[-126.7731,56.4412],[-126.7949,56.4191],[-126.7968,56.4062],[-126.7902,56.3936],[-126.7999,56.3849],[-126.8,56.3687],[-126.812,56.3652],[-126.8077,56.3616],[-126.818,56.3395],[-126.8315,56.3401],[-126.8334,56.3302],[-126.8665,56.3258],[-126.8835,56.31],[-126.9015,56.3061],[-126.8794,56.3061],[-126.8382,56.2941],[-126.8257,56.2875],[-126.8239,56.2788],[-126.7927,56.267],[-126.7864,56.2509],[-126.7512,56.2293],[-126.753,56.2244],[-126.7912,56.2171],[-126.7956,56.1936],[-126.7313,56.1078],[-126.7536,56.1015],[-126.6888,56.0651],[-126.6299,56.0638],[-126.623,56.0683],[-126.6249,56.0833],[-126.6181,56.0865],[-126.6272,56.0978],[-126.6234,56.1097],[-126.6297,56.1156],[-126.6218,56.1191],[-126.6235,56.127],[-126.6027,56.1271],[-126.5919,56.1486],[-126.6074,56.1649],[-126.603,56.1724],[-126.561,56.1876],[-126.5569,56.2095],[-126.5647,56.2215],[-126.6126,56.2509]]]}},{"type":"Feature","properties":{"name":"Rubyrock Lake Park","des":"PROVINCIAL PARK","cls":"park","ha":41221},"geometry":{"type":"MultiPolygon","coordinates":[[[[-125.4532,54.6009],[-125.4675,54.6158],[-125.3755,54.5954],[-125.2922,54.5941],[-125.2742,54.5908],[-125.2697,54.5831],[-125.2488,54.588],[-125.2269,54.5793],[-125.1853,54.5871],[-125.1902,54.5823],[-125.1771,54.5744],[-125.1747,54.5799],[-125.1618,54.58],[-125.1571,54.5809],[-125.1481,54.581],[-125.1368,54.586],[-125.1294,54.5875],[-125.128,54.5872],[-125.1285,54.5883],[-125.1176,54.59],[-125.1064,54.5897],[-125.1017,54.5939],[-125.0825,54.5993],[-125.0787,54.607],[-125.0582,54.6069],[-125.045,54.6158],[-125.083,54.621],[-125.1421,54.6514],[-125.181,54.6576],[-125.2245,54.6746],[-125.2531,54.6921],[-125.2444,54.6975],[-125.2335,54.6947],[-125.2388,54.7029],[-125.3025,54.7063],[-125.303,54.7456],[-125.3499,54.7455],[-125.3501,54.7534],[-125.3779,54.7463],[-125.3773,54.7566],[-125.3954,54.7527],[-125.3777,54.762],[-125.3811,54.7655],[-125.414,54.7642],[-125.4109,54.7777],[-125.3986,54.7772],[-125.3985,54.7931],[-125.361,54.793],[-125.361,54.8003],[-125.2992,54.799],[-125.3548,54.8302],[-125.4861,54.812],[-125.4863,54.7405],[-125.5526,54.7245],[-125.4911,54.6655],[-125.4891,54.5964],[-125.4532,54.6009]]],[[[-125.1498,54.5801],[-125.1101,54.587],[-125.0986,54.5921],[-125.0964,54.5946],[-125.0916,54.5944],[-125.0906,54.5959],[-125.1014,54.5937],[-125.1062,54.5895],[-125.1276,54.5864],[-125.1296,54.5872],[-125.1468,54.5809],[-125.1591,54.58],[-125.1498,54.5801]]]]}},{"type":"Feature","properties":{"name":"Chukachida Protected Area","des":"PROTECTED AREA","cls":"park","ha":19637},"geometry":{"type":"Polygon","coordinates":[[[-127.4036,57.7191],[-127.404,57.6653],[-127.3663,57.663],[-127.3184,57.6804],[-127.2348,57.6887],[-127.1754,57.6705],[-127.1688,57.6525],[-127.1049,57.6007],[-126.9985,57.5848],[-126.961,57.5894],[-126.9674,57.607],[-126.9517,57.623],[-126.9095,57.6402],[-126.8585,57.6479],[-126.8488,57.6561],[-126.9021,57.6698],[-126.9613,57.6437],[-126.971,57.647],[-127.028,57.6252],[-127.0772,57.6453],[-127.084,57.6433],[-127.117,57.6669],[-127.0997,57.6723],[-127.1124,57.6846],[-127.1312,57.6853],[-127.1566,57.7001],[-127.2042,57.7115],[-127.2591,57.7177],[-127.2638,57.7255],[-127.2091,57.7796],[-127.0876,57.7793],[-127.0885,57.7897],[-127.1642,57.793],[-127.1696,57.7998],[-127.1663,57.8059],[-127.1905,57.81],[-127.2651,57.7915],[-127.289,57.7721],[-127.3279,57.7622],[-127.3294,57.7514],[-127.2918,57.7396],[-127.3124,57.7196],[-127.4036,57.7191]]]}},{"type":"Feature","properties":{"name":"Takla Lake Marine Park","des":"PROVINCIAL PARK","cls":"park","ha":550},"geometry":{"type":"MultiPolygon","coordinates":[[[[-126.0225,55.5199],[-126.0339,55.5422],[-126.0532,55.5422],[-126.0528,55.5302],[-126.0414,55.5184],[-126.0225,55.5199]]],[[[-126.1184,55.5712],[-126.1096,55.5713],[-126.1084,55.5746],[-126.1138,55.5787],[-126.1184,55.5712]]],[[[-125.6717,55.1265],[-125.6228,55.12],[-125.6315,55.1248],[-125.6639,55.1328],[-125.6717,55.1265]]]]}},{"type":"Feature","properties":{"name":"Chase Park","des":"PROVINCIAL PARK","cls":"park","ha":36226},"geometry":{"type":"Polygon","coordinates":[[[-124.9194,56.4502],[-124.8461,56.4678],[-124.8106,56.4688],[-124.8094,56.4759],[-124.8601,56.5125],[-124.8891,56.5164],[-124.8789,56.5264],[-124.8829,56.532],[-124.9302,56.5519],[-124.8945,56.5756],[-124.8923,56.5871],[-124.909,56.6058],[-124.932,56.6063],[-124.931,56.6159],[-124.9406,56.6202],[-124.9971,56.5986],[-125.0218,56.6002],[-125.0447,56.6157],[-125.0985,56.6046],[-125.0986,56.5918],[-125.1241,56.5923],[-125.1303,56.5747],[-125.1287,56.5471],[-125.1497,56.5281],[-125.1613,56.5236],[-125.2075,56.5257],[-125.2259,56.5135],[-125.2121,56.446],[-125.1117,56.4397],[-125.1084,56.43],[-125.0691,56.4276],[-125.0732,56.4192],[-125.06,56.3937],[-125.0456,56.3931],[-125.0402,56.3857],[-125.0281,56.387],[-125.0277,56.3975],[-125.0169,56.4043],[-125.0091,56.4253],[-124.9879,56.4292],[-124.9886,56.4389],[-124.9766,56.4376],[-124.9691,56.4285],[-124.9474,56.4292],[-124.9336,56.4217],[-124.9209,56.4256],[-124.9194,56.4502]]]}},{"type":"Feature","properties":{"name":"Dune Za Keyih Park [A.K.A. Frog-Gataga Park]","des":"PROVINCIAL PARK","cls":"park","ha":330774},"geometry":{"type":"MultiPolygon","coordinates":[[[[-126.4594,58.2545],[-126.5046,58.2915],[-126.4962,58.3022],[-126.4582,58.3074],[-126.4335,58.321],[-126.4115,58.3211],[-126.4082,58.3329],[-126.3963,58.3412],[-126.3265,58.3462],[-126.327,58.3367],[-126.3087,58.3208],[-126.2926,58.3175],[-126.2637,58.2971],[-126.2385,58.2951],[-126.2264,58.2844],[-126.2092,58.2853],[-126.2062,58.2953],[-126.1754,58.2964],[-126.1369,58.2843],[-126.1012,58.2573],[-126.0721,58.2511],[-126.0607,58.2359],[-126.0114,58.2076],[-126.0039,58.1911],[-125.9883,58.183],[-125.9888,58.1734],[-125.9568,58.173],[-125.9448,58.1665],[-125.9578,58.1605],[-125.9431,58.1541],[-125.9407,58.1441],[-125.8985,58.1411],[-125.8613,58.1091],[-125.8447,58.1898],[-125.8285,58.1893],[-125.8246,58.1794],[-125.7856,58.1604],[-125.7494,58.154],[-125.7293,58.1887],[-125.5515,58.1948],[-125.5743,58.2185],[-125.585,58.2435],[-125.5848,58.2698],[-125.5382,58.2878],[-125.5261,58.3088],[-125.5569,58.3251],[-125.587,58.3089],[-125.6191,58.3157],[-125.6287,58.3016],[-125.6572,58.2995],[-125.6617,58.3063],[-125.7137,58.3097],[-125.7446,58.3226],[-125.7572,58.3171],[-125.7899,58.3217],[-125.7831,58.3386],[-125.7871,58.3443],[-125.7809,58.3498],[-125.8269,58.3559],[-125.8312,58.3593],[-125.8141,58.3714],[-125.835,58.3815],[-125.8541,58.4037],[-125.9032,58.413],[-125.9398,58.3959],[-125.9707,58.4099],[-125.9684,58.4162],[-125.9793,58.4207],[-125.9585,58.4252],[-125.9546,58.4312],[-125.959,58.4408],[-126.0045,58.4488],[-126.01,58.4579],[-126.031,58.4556],[-126.0411,58.4464],[-126.072,58.4524],[-126.0924,58.4494],[-126.0948,58.4612],[-126.128,58.4637],[-126.1215,58.4744],[-126.1365,58.4844],[-126.1535,58.4823],[-126.2045,58.4928],[-126.2086,58.5033],[-126.2245,58.5064],[-126.2246,58.5163],[-126.2423,58.5189],[-126.2483,58.5326],[-126.2666,58.5453],[-126.2859,58.5403],[-126.3158,58.5438],[-126.3419,58.5366],[-126.3536,58.5491],[-126.3707,58.553],[-126.3927,58.5693],[-126.4145,58.56],[-126.4028,58.5452],[-126.413,58.538],[-126.4033,58.5269],[-126.4547,58.4985],[-126.4694,58.5066],[-126.5118,58.5022],[-126.5071,58.5156],[-126.5273,58.5301],[-126.577,58.5356],[-126.6049,58.5283],[-126.6199,58.5374],[-126.6353,58.536],[-126.6486,58.5479],[-126.6935,58.5368],[-126.7239,58.5565],[-126.7425,58.5841],[-126.8126,58.6153],[-126.8013,58.6403],[-126.8374,58.6285],[-126.8657,58.652],[-126.9131,58.6418],[-126.9731,58.6183],[-126.9927,58.6172],[-127.0374,58.5983],[-127.0344,58.5793],[-127.073,58.5545],[-127.0791,58.5375],[-127.1274,58.525],[-127.175,58.4926],[-127.178,58.4851],[-127.1927,58.4869],[-127.2039,58.4667],[-127.2499,58.4783],[-127.2645,58.4762],[-127.3032,58.4565],[-127.3122,58.446],[-127.3074,58.4169],[-127.285,58.4021],[-127.1483,58.3765],[-127.1486,58.3704],[-127.1724,58.3614],[-127.1759,58.3447],[-127.1633,58.3351],[-127.1532,58.3352],[-127.1166,58.3071],[-127.0658,58.2868],[-127.0315,58.2571],[-127.0303,58.2454],[-127.0119,58.2437],[-126.9753,58.2273],[-126.9401,58.2192],[-126.9054,58.2257],[-126.8748,58.2182],[-126.8708,58.2244],[-126.883,58.2303],[-126.8843,58.2487],[-126.8925,58.2575],[-126.8861,58.2626],[-126.86,58.2537],[-126.8161,58.258],[-126.7903,58.2495],[-126.7792,58.2549],[-126.7601,58.253],[-126.7456,58.2681],[-126.7168,58.2556],[-126.7087,58.2389],[-126.7193,58.2313],[-126.707,58.2225],[-126.6899,58.2221],[-126.6667,58.1935],[-126.6379,58.176],[-126.654,58.152],[-126.6353,58.1429],[-126.623,58.1435],[-126.5038,58.2028],[-126.5044,58.2093],[-126.4667,58.2233],[-126.4676,58.2275],[-126.4514,58.2279],[-126.4525,58.2341],[-126.4363,58.2449],[-126.4594,58.2545]]],[[[-125.6516,57.9696],[-125.692,57.9628],[-125.7052,57.9472],[-125.7311,57.9377],[-125.7269,57.9319],[-125.7476,57.9102],[-125.7509,57.8855],[-125.7334,57.8791],[-125.7275,57.866],[-125.6909,57.8692],[-125.6856,57.8797],[-125.6511,57.8803],[-125.6481,57.8843],[-125.6673,57.9058],[-125.6474,57.9177],[-125.6497,57.9232],[-125.6426,57.9279],[-125.6249,57.9328],[-125.6094,57.9267],[-125.6088,57.9178],[-125.5999,57.9134],[-125.5501,57.9284],[-125.4959,57.934],[-125.4887,57.9414],[-125.4655,57.9453],[-125.4525,57.9568],[-125.458,57.9649],[-125.4461,57.9751],[-125.3673,57.9939],[-125.2766,58.0007],[-125.2732,58.006],[-125.2828,58.0168],[-125.2752,58.023],[-125.3413,58.0574],[-125.3384,58.0859],[-125.3292,58.1001],[-125.3659,58.1079],[-125.3764,58.1036],[-125.3792,58.0912],[-125.3876,58.0855],[-125.4548,58.1019],[-125.4965,58.1297],[-125.4804,58.137],[-125.4939,58.1486],[-125.5407,58.1606],[-125.5517,58.1752],[-125.6129,58.1787],[-125.6319,58.152],[-125.5862,58.1178],[-125.6,58.1038],[-125.5878,58.0815],[-125.5926,58.0778],[-125.5879,58.0622],[-125.5735,58.0506],[-125.5745,58.0312],[-125.5945,58.0151],[-125.63,58.0077],[-125.6331,57.9949],[-125.6518,57.9859],[-125.6516,57.9696]]],[[[-125.8622,58.0776],[-125.8514,58.0702],[-125.825,58.0699],[-125.8006,58.0529],[-125.7826,58.0539],[-125.781,58.0639],[-125.7751,58.0653],[-125.7203,58.0512],[-125.7531,58.0382],[-125.7866,58.0384],[-125.8121,58.0275],[-125.7154,57.9727],[-125.6767,58.0244],[-125.618,58.0305],[-125.6318,58.1274],[-125.7855,58.1461],[-125.823,58.1356],[-125.8194,58.0871],[-125.8622,58.0776]]]]}},{"type":"Feature","properties":{"name":"Ed Bird - Estella Lakes Park","des":"PROVINCIAL PARK","cls":"park","ha":5568},"geometry":{"type":"Polygon","coordinates":[[[-125.1173,56.9074],[-125.0848,56.8972],[-125.0149,56.8957],[-125.0235,56.9008],[-125.0148,56.9057],[-125.0412,56.9349],[-125.0422,56.9486],[-125.0582,56.9653],[-125.0651,56.9714],[-125.0852,56.9681],[-125.1019,56.984],[-125.1335,56.975],[-125.1351,56.9669],[-125.1272,56.9647],[-125.1383,56.9582],[-125.1781,56.9541],[-125.1673,56.9347],[-125.1173,56.9074]]]}},{"type":"Feature","properties":{"name":"Finlay-Russel Park","des":"PROVINCIAL PARK","cls":"park","ha":109214},"geometry":{"type":"MultiPolygon","coordinates":[[[[-125.7708,57.1381],[-125.8083,57.1465],[-125.8027,57.1546],[-125.8118,57.1608],[-125.8067,57.167],[-125.8208,57.1752],[-125.8462,57.1781],[-125.8512,57.1916],[-125.847,57.195],[-125.862,57.2006],[-125.883,57.2229],[-125.8815,57.2332],[-125.8504,57.239],[-125.8587,57.2463],[-125.8568,57.2569],[-125.873,57.2673],[-125.8675,57.2723],[-125.8709,57.279],[-125.912,57.2947],[-125.9099,57.3003],[-125.9227,57.3039],[-125.9203,57.3137],[-125.9287,57.3178],[-125.9078,57.3393],[-125.8816,57.3445],[-125.8717,57.3394],[-125.8242,57.3383],[-125.7681,57.3633],[-125.7855,57.3844],[-125.8175,57.3991],[-125.8061,57.401],[-125.8002,57.4127],[-125.7543,57.4105],[-125.7054,57.4204],[-125.6817,57.4322],[-125.7158,57.4258],[-125.7158,57.4309],[-125.732,57.4363],[-125.7668,57.4413],[-125.789,57.4621],[-125.8498,57.484],[-125.874,57.5114],[-125.8879,57.5108],[-125.9057,57.5301],[-125.9493,57.5551],[-125.9673,57.5516],[-125.9735,57.5407],[-126.0307,57.5372],[-126.0715,57.5597],[-126.0908,57.6001],[-126.0989,57.6043],[-126.1209,57.5974],[-126.1236,57.6032],[-126.1425,57.6033],[-126.1598,57.6166],[-126.1901,57.6257],[-126.2701,57.6269],[-126.2864,57.6214],[-126.299,57.631],[-126.3284,57.6369],[-126.3329,57.5752],[-126.3041,57.569],[-126.2402,57.5306],[-126.2419,57.5262],[-126.2264,57.519],[-126.2355,57.5093],[-126.2133,57.5005],[-126.1851,57.462],[-126.1677,57.4593],[-126.1324,57.4367],[-126.0682,57.4161],[-126.0972,57.3872],[-126.1054,57.3597],[-125.8174,57.1182],[-125.764,57.1304],[-125.7708,57.1381]]],[[[-126.7275,57.5339],[-126.6728,57.5031],[-126.6847,57.491],[-126.6773,57.4847],[-126.6808,57.4757],[-126.6588,57.468],[-126.6482,57.4482],[-126.6711,57.4296],[-126.6322,57.4308],[-126.6242,57.4183],[-126.641,57.4055],[-126.6418,57.3949],[-126.6367,57.3938],[-126.6565,57.3846],[-126.645,57.3746],[-126.572,57.3778],[-126.5353,57.3672],[-126.4828,57.3751],[-126.4858,57.4131],[-126.5058,57.4189],[-126.4995,57.4273],[-126.515,57.4323],[-126.5065,57.4432],[-126.5066,57.4906],[-126.4851,57.4943],[-126.4888,57.5042],[-126.4763,57.5161],[-126.5031,57.5382],[-126.5034,57.5554],[-126.4512,57.5757],[-126.4526,57.5879],[-126.4387,57.5959],[-126.39,57.5875],[-126.3869,57.6302],[-126.4445,57.6288],[-126.5,57.5973],[-126.7106,57.607],[-126.7204,57.6364],[-126.7811,57.6473],[-126.7958,57.6588],[-126.8427,57.6755],[-126.8488,57.6647],[-126.8452,57.6568],[-126.8867,57.6337],[-126.8592,57.6271],[-126.8517,57.6151],[-126.8099,57.609],[-126.7925,57.5972],[-126.7928,57.5915],[-126.7753,57.5866],[-126.7736,57.5808],[-126.787,57.5719],[-126.7761,57.5668],[-126.7542,57.5619],[-126.7374,57.5685],[-126.7108,57.5502],[-126.7206,57.5468],[-126.7275,57.5339]]]]}},{"type":"Feature","properties":{"name":"Muscovite Lakes Park","des":"PROVINCIAL PARK","cls":"park","ha":5708},"geometry":{"type":"Polygon","coordinates":[[[-124.2359,55.9789],[-124.1977,55.9682],[-124.1859,55.9498],[-124.1429,55.9396],[-124.0291,55.966],[-124.0307,55.9758],[-124.0456,55.98],[-124.1291,56.0009],[-124.1958,56.0093],[-124.2367,55.9888],[-124.2359,55.9789]]]}},{"type":"Feature","properties":{"name":"Ningunsaw Park","des":"PROVINCIAL PARK","cls":"park","ha":15704},"geometry":{"type":"Polygon","coordinates":[[[-130.0267,56.7849],[-129.9755,56.7955],[-129.9656,56.8136],[-129.9554,56.8136],[-129.961,56.8174],[-129.9582,56.8366],[-129.9849,56.8561],[-130.0369,56.8739],[-130.0335,56.8851],[-130.0575,56.9016],[-130.071,56.9036],[-130.0883,56.8819],[-130.1141,56.8817],[-130.1439,56.8914],[-130.1643,56.8803],[-130.1663,56.8732],[-130.1802,56.8686],[-130.1788,56.8444],[-130.171,56.8311],[-130.2464,56.7977],[-130.2319,56.7792],[-130.2321,56.7693],[-130.195,56.7759],[-130.1598,56.767],[-130.1104,56.7814],[-130.0267,56.7849]]]}},{"type":"Feature","properties":{"name":"Ospika Cones Ecological Reserve","des":"ECOLOGICAL RESERVE","cls":"park","ha":1282},"geometry":{"type":"Polygon","coordinates":[[[-124.2234,57.0055],[-124.2144,57.0132],[-124.2167,57.0177],[-124.2304,57.0184],[-124.2359,57.0343],[-124.2529,57.0426],[-124.2699,57.0447],[-124.2827,57.0295],[-124.2819,57.0139],[-124.272,57.0009],[-124.2234,57.0055]]]}},{"type":"Feature","properties":{"name":"Stuart Lake Marine Park","des":"PROVINCIAL PARK","cls":"park","ha":227},"geometry":{"type":"MultiPolygon","coordinates":[[[[-124.6592,54.5949],[-124.6519,54.5891],[-124.6395,54.5879],[-124.6491,54.596],[-124.6592,54.5949]]],[[[-125.159,54.6669],[-125.1522,54.6717],[-125.1592,54.6716],[-125.159,54.6669]]],[[[-124.9985,54.6436],[-125.0019,54.6515],[-125.0128,54.6513],[-125.0124,54.6434],[-124.9985,54.6436]]],[[[-124.6193,54.5869],[-124.6342,54.5904],[-124.6357,54.589],[-124.6193,54.5869]]]]}},{"type":"Feature","properties":{"name":"Sutherland River Park","des":"PROVINCIAL PARK","cls":"park","ha":13559},"geometry":{"type":"Polygon","coordinates":[[[-125.2102,54.4659],[-125.1338,54.4666],[-125.0764,54.4379],[-124.9785,54.404],[-124.943,54.3836],[-124.9182,54.3986],[-124.9182,54.4167],[-124.9084,54.4347],[-124.8688,54.4561],[-124.8981,54.4692],[-124.9189,54.4713],[-124.9368,54.4636],[-125.0172,54.4582],[-125.1907,54.521],[-125.2268,54.5135],[-125.2799,54.5194],[-125.3186,54.5044],[-125.3509,54.5022],[-125.3609,54.4902],[-125.3733,54.4902],[-125.3733,54.4847],[-125.362,54.4832],[-125.3082,54.4888],[-125.3098,54.4827],[-125.3053,54.4887],[-125.2717,54.4962],[-125.2301,54.4955],[-125.2119,54.5082],[-125.2057,54.5082],[-125.2057,54.5015],[-125.1933,54.5136],[-125.1809,54.5135],[-125.181,54.5077],[-125.1658,54.5077],[-125.1658,54.4861],[-125.2064,54.4869],[-125.2309,54.4753],[-125.277,54.4717],[-125.3025,54.4632],[-125.2825,54.4534],[-125.2102,54.4659]]]}},{"type":"Feature","properties":{"name":"Todagin South Slope Park","des":"PROVINCIAL PARK","cls":"park","ha":3557},"geometry":{"type":"Polygon","coordinates":[[[-129.8039,57.6662],[-129.8356,57.6647],[-129.8425,57.6491],[-129.8721,57.6428],[-129.8904,57.6291],[-129.9109,57.6239],[-130.0093,57.6078],[-130.0539,57.6234],[-130.0448,57.5988],[-130.0377,57.595],[-130.0453,57.5907],[-130.0377,57.5881],[-130.0111,57.5858],[-129.9535,57.6022],[-129.892,57.6059],[-129.8727,57.6116],[-129.8542,57.6261],[-129.8137,57.6365],[-129.8039,57.6662]]]}},{"type":"Feature","properties":{"name":"Stikine River Park","des":"PROVINCIAL PARK","cls":"park","ha":257177},"geometry":{"type":"MultiPolygon","coordinates":[[[[-129.0587,58.1621],[-129.0587,58.1422],[-129.0419,58.13],[-129.0455,58.1175],[-129.0085,58.0825],[-128.9327,58.0736],[-128.94,58.0462],[-129.0345,57.9548],[-129.0786,57.9534],[-129.2915,57.9868],[-129.3145,57.9739],[-129.351,57.9776],[-129.3765,57.9875],[-129.3946,58.0079],[-129.4677,58.0181],[-129.4779,58.0276],[-129.4968,58.0241],[-129.5046,58.0131],[-129.5504,58.0058],[-129.5642,57.9958],[-129.6404,57.9944],[-129.7699,58.0374],[-129.853,58.0788],[-129.8651,58.0784],[-129.8648,58.068],[-129.8728,58.0571],[-129.9113,58.0457],[-129.9322,58.0435],[-129.9484,58.0447],[-129.9481,58.0396],[-129.9301,58.0338],[-129.9276,58.0308],[-129.9477,58.0262],[-129.9618,58.0276],[-129.9957,58.0147],[-130.0123,58.0114],[-129.9635,58.0158],[-129.9158,57.985],[-129.8887,57.9792],[-129.8811,57.966],[-129.818,57.9528],[-129.766,57.931],[-129.6828,57.9137],[-129.4351,57.8878],[-129.2497,57.9156],[-129.0784,57.9016],[-128.9012,57.9058],[-128.8707,57.9195],[-128.7529,57.9272],[-128.6135,57.9156],[-128.53,57.9378],[-128.2628,57.8261],[-128.1934,57.7734],[-128.1207,57.7036],[-127.7666,57.657],[-127.6406,57.6122],[-127.5672,57.657],[-127.4933,57.6657],[-127.4572,57.6526],[-127.457,57.6634],[-127.404,57.6653],[-127.4036,57.7191],[-127.5972,57.7016],[-127.6579,57.7202],[-127.742,57.7289],[-127.7942,57.7167],[-127.8601,57.7197],[-127.9036,57.7286],[-127.8958,57.741],[-128.0249,57.8058],[-128.0484,57.812],[-128.0551,57.8189],[-128.0419,57.8436],[-128.1308,57.8625],[-128.1338,57.8724],[-128.1625,57.8816],[-128.1951,57.9106],[-128.1642,57.9435],[-128.1775,57.9484],[-128.1834,57.9615],[-128.2322,57.9681],[-128.2627,57.9969],[-128.2381,58.0077],[-128.2511,58.0291],[-128.2558,58.0522],[-128.2517,58.0558],[-128.2575,58.0612],[-128.2488,58.074],[-128.2734,58.0768],[-128.3433,58.0642],[-128.4159,58.0635],[-128.4212,58.0858],[-128.4343,58.09],[-128.4394,58.1015],[-128.4096,58.1203],[-128.4292,58.1471],[-128.4744,58.1512],[-128.5278,58.1303],[-128.5447,58.14],[-128.555,58.1556],[-128.5752,58.145],[-128.6044,58.1463],[-128.6209,58.1368],[-128.6817,58.1406],[-128.7006,58.1282],[-128.7588,58.1226],[-128.7988,58.1242],[-128.8135,58.1308],[-128.8381,58.117],[-128.975,58.1352],[-128.977,58.1462],[-129.0587,58.1621]]],[[[-130.6346,58.1611],[-130.6978,58.1839],[-130.7143,58.1693],[-130.7621,58.0993],[-130.7819,58.0842],[-130.7818,58.0549],[-130.8051,58.0469],[-130.8316,58.0494],[-130.8497,58.0402],[-130.8092,58.0352],[-130.7792,58.0398],[-130.7417,58.0261],[-130.571,58.0279],[-130.422,58.1233],[-130.0439,58.0017],[-129.9624,58.0284],[-129.9305,58.0327],[-129.9605,58.0404],[-129.9481,58.0459],[-129.9116,58.0466],[-129.8736,58.0578],[-129.8656,58.0718],[-129.8668,58.0783],[-129.9562,58.0736],[-129.9682,58.0682],[-130.0973,58.0722],[-130.2024,58.1289],[-130.2953,58.1573],[-130.5085,58.1659],[-130.5164,58.1417],[-130.5231,58.1374],[-130.5326,58.1433],[-130.5763,58.1445],[-130.6153,58.166],[-130.6346,58.1611]],[[-129.9801,58.0375],[-130.0013,58.0391],[-129.9802,58.0402],[-129.9801,58.0375]]]]}},{"type":"Feature","properties":{"name":"Damdochax Protected Area","des":"PROTECTED AREA","cls":"park","ha":8129},"geometry":{"type":"Polygon","coordinates":[[[-127.9473,56.3534],[-127.9296,56.3234],[-127.8886,56.3074],[-127.8775,56.2942],[-127.8647,56.3401],[-127.9008,56.4019],[-127.8915,56.4465],[-127.8946,56.4579],[-127.9243,56.4529],[-127.9373,56.4599],[-127.9617,56.4595],[-127.9837,56.4488],[-128.022,56.4438],[-128.0588,56.412],[-127.9708,56.4169],[-127.9359,56.3606],[-127.9473,56.3534]]]}},{"type":"Feature","properties":{"name":"Dune Za Keyih Protected Area (A.K.A. Frog-Gataga P","des":"PROTECTED AREA","cls":"park","ha":16059},"geometry":{"type":"Polygon","coordinates":[[[-125.6318,58.1274],[-125.618,58.0305],[-125.6767,58.0244],[-125.7154,57.9727],[-125.8119,58.0268],[-125.8228,58.0131],[-125.7872,58.0032],[-125.7278,57.9726],[-125.7206,57.9594],[-125.7823,57.9006],[-125.7236,57.8599],[-125.7096,57.8658],[-125.7275,57.866],[-125.7334,57.8791],[-125.747,57.8823],[-125.7533,57.892],[-125.7446,57.9063],[-125.7476,57.9102],[-125.7269,57.9319],[-125.7311,57.9377],[-125.7049,57.9474],[-125.6867,57.9653],[-125.6516,57.9696],[-125.6518,57.9859],[-125.6331,57.9949],[-125.63,58.0077],[-125.5945,58.0151],[-125.5745,58.0312],[-125.5735,58.0506],[-125.5879,58.0622],[-125.5926,58.0778],[-125.5878,58.0815],[-125.6,58.1038],[-125.5862,58.1178],[-125.6319,58.152],[-125.6129,58.1787],[-125.5517,58.1752],[-125.5735,58.1848],[-125.5584,58.1919],[-125.7293,58.1887],[-125.7494,58.154],[-125.7856,58.1604],[-125.8246,58.1794],[-125.8285,58.1893],[-125.8447,58.1898],[-125.8613,58.1091],[-125.872,58.1032],[-125.8723,58.0838],[-125.8622,58.0776],[-125.8194,58.0871],[-125.823,58.1356],[-125.7855,58.1461],[-125.6318,58.1274]]]}},{"type":"Feature","properties":{"name":"Finlay-Russel Protected Area","des":"PROTECTED AREA","cls":"park","ha":13566},"geometry":{"type":"MultiPolygon","coordinates":[[[[-125.8174,57.1182],[-126.1054,57.3597],[-126.1123,57.3361],[-126.074,57.3151],[-126.057,57.2566],[-125.8522,57.1],[-125.8174,57.1182]]],[[[-126.39,57.5875],[-126.3329,57.5752],[-126.3284,57.6369],[-126.299,57.631],[-126.2864,57.6214],[-126.2701,57.6269],[-126.2165,57.6227],[-126.1999,57.6272],[-126.1602,57.6167],[-126.1425,57.6033],[-126.1236,57.6032],[-126.1213,57.5975],[-126.1034,57.6043],[-126.0908,57.6001],[-126.0946,57.6079],[-126.1536,57.6223],[-126.2278,57.631],[-126.2841,57.6319],[-126.317,57.6412],[-126.3784,57.6432],[-126.4623,57.6301],[-126.5185,57.5984],[-126.4927,57.5989],[-126.4718,57.617],[-126.4448,57.6287],[-126.4212,57.6265],[-126.4085,57.6322],[-126.3869,57.6302],[-126.39,57.5875]]]]}},{"type":"Feature","properties":{"name":"Omineca Protected Area","des":"PROTECTED AREA","cls":"park","ha":3138},"geometry":{"type":"MultiPolygon","coordinates":[[[[-124.7521,55.8233],[-124.8216,55.8345],[-124.8214,55.829],[-124.796,55.827],[-124.7374,55.8071],[-124.7331,55.8119],[-124.7521,55.8233]]],[[[-125.3093,55.7499],[-125.3145,55.7528],[-125.3512,55.7467],[-125.3093,55.7499]]],[[[-124.6432,55.8055],[-124.6526,55.8055],[-124.6655,55.7916],[-124.6929,55.7954],[-124.6936,55.7912],[-124.7139,55.8019],[-124.7191,55.798],[-124.7023,55.7893],[-124.6639,55.7901],[-124.6526,55.8008],[-124.6433,55.7965],[-124.6432,55.8055]]],[[[-124.9955,55.814],[-124.9959,55.8216],[-125.0095,55.8194],[-125.0074,55.8132],[-124.9955,55.814]]],[[[-125.1102,55.8235],[-125.1163,55.82],[-125.0962,55.8081],[-125.0898,55.8133],[-125.0651,55.8051],[-125.0389,55.8064],[-125.0428,55.8138],[-125.0618,55.8107],[-125.0898,55.8214],[-125.0935,55.8136],[-125.1102,55.8235]]],[[[-124.9264,55.8267],[-124.9286,55.8328],[-124.9915,55.8224],[-124.9673,55.8169],[-124.9264,55.8267]]],[[[-124.8319,55.844],[-124.8472,55.8535],[-124.8371,55.8422],[-124.8524,55.8369],[-124.9091,55.8373],[-124.8982,55.8306],[-124.8752,55.8342],[-124.8431,55.8291],[-124.8299,55.8347],[-124.8319,55.844]]]]}},{"type":"Feature","properties":{"name":"Sustut Protected Area","des":"PROTECTED AREA","cls":"park","ha":2242},"geometry":{"type":"MultiPolygon","coordinates":[[[[-126.8,56.3696],[-126.7999,56.3849],[-126.7894,56.3976],[-126.7968,56.4061],[-126.7949,56.4192],[-126.774,56.4391],[-126.777,56.4553],[-126.7578,56.4567],[-126.7505,56.4652],[-126.7574,56.4739],[-126.7498,56.4806],[-126.7544,56.4805],[-126.7814,56.4523],[-126.8006,56.4123],[-126.8089,56.3797],[-126.8391,56.3396],[-126.8861,56.3209],[-126.8834,56.3101],[-126.8667,56.3257],[-126.8409,56.3272],[-126.8292,56.3352],[-126.8328,56.3395],[-126.8181,56.3394],[-126.8077,56.3616],[-126.812,56.3652],[-126.8,56.3696]]],[[[-126.7131,56.5],[-126.7026,56.5083],[-126.7063,56.5131],[-126.696,56.5159],[-126.7033,56.5249],[-126.6923,56.5272],[-126.6918,56.5333],[-126.678,56.5323],[-126.669,56.5407],[-126.6114,56.5387],[-126.6114,56.5457],[-126.6693,56.5516],[-126.6598,56.5692],[-126.7153,56.5218],[-126.7131,56.5]]]]}},{"type":"Feature","properties":{"name":"Nation Lakes Park","des":"PROVINCIAL PARK","cls":"park","ha":19398},"geometry":{"type":"MultiPolygon","coordinates":[[[[-125.3694,55.5],[-125.5826,55.4756],[-125.6657,55.4767],[-125.6766,55.4599],[-125.6263,55.4558],[-125.5736,55.4428],[-125.4718,55.407],[-125.3869,55.4138],[-125.3815,55.4356],[-125.342,55.4356],[-125.342,55.4177],[-125.3341,55.4177],[-125.3341,55.4042],[-125.3246,55.4042],[-125.3246,55.3952],[-125.3075,55.3952],[-125.3075,55.3805],[-125.2997,55.3772],[-125.278,55.3],[-125.2357,55.2811],[-125.2352,55.2691],[-125.2131,55.2622],[-125.2029,55.2742],[-125.2355,55.3107],[-125.2633,55.3729],[-125.3185,55.4267],[-125.3063,55.437],[-125.3185,55.4497],[-125.3194,55.4579],[-125.3125,55.4609],[-125.3179,55.4777],[-125.3694,55.5]],[[-125.6189,55.4703],[-125.6206,55.4728],[-125.6174,55.4718],[-125.6189,55.4703]],[[-125.559,55.4529],[-125.5587,55.4506],[-125.5611,55.4521],[-125.559,55.4529]]],[[[-124.6541,55.172],[-124.6717,55.1711],[-124.6717,55.1638],[-124.6537,55.1638],[-124.6541,55.172]]],[[[-124.4418,55.1854],[-124.4631,55.1837],[-124.4699,55.1801],[-124.4413,55.1777],[-124.4418,55.1854]]],[[[-125.0974,55.1847],[-125.1135,55.1787],[-125.0971,55.1787],[-125.0974,55.1847]]],[[[-124.8492,55.2199],[-124.8359,55.2249],[-124.858,55.223],[-124.8492,55.2199]]]]}},{"type":"Feature","properties":{"name":"Lower Skeena River Park","des":"PROVINCIAL PARK","cls":"park","ha":582},"geometry":{"type":"MultiPolygon","coordinates":[[[[-129.3897,54.2792],[-129.3813,54.2869],[-129.3918,54.2954],[-129.4204,54.2811],[-129.4223,54.2724],[-129.3897,54.2792]]],[[[-129.1133,54.3681],[-129.0801,54.3674],[-129.0631,54.3738],[-129.0806,54.3776],[-129.1133,54.3681]]]]}},{"type":"Feature","properties":{"name":"Hai Lake - Mount Herman Park","des":"PROVINCIAL PARK","cls":"park","ha":323},"geometry":{"type":"Polygon","coordinates":[[[-128.6062,54.4191],[-128.606,54.4257],[-128.6255,54.4262],[-128.6269,54.4094],[-128.6091,54.4061],[-128.5913,54.411],[-128.5909,54.4163],[-128.6062,54.4191]]]}},{"type":"Feature","properties":{"name":"Sleeping Beauty Mountain Park","des":"PROVINCIAL PARK","cls":"park","ha":298},"geometry":{"type":"Polygon","coordinates":[[[-128.7499,54.5825],[-128.7552,54.596],[-128.7869,54.5952],[-128.771,54.5838],[-128.7499,54.5825]]]}},{"type":"Feature","properties":{"name":"Rose Spit Ecological Reserve","des":"ECOLOGICAL RESERVE","cls":"park","ha":202},"geometry":{"type":"MultiPolygon","coordinates":[[[[-131.6594,54.1458],[-131.6418,54.1933],[-131.6472,54.1875],[-131.6603,54.1662],[-131.6792,54.1451],[-131.6699,54.1535],[-131.6674,54.1543],[-131.6653,54.1541],[-131.6621,54.1525],[-131.6633,54.1452],[-131.6594,54.1458]],[[-131.6471,54.1866],[-131.6474,54.1867],[-131.6471,54.1867],[-131.6471,54.1866]],[[-131.6609,54.1613],[-131.6591,54.1596],[-131.6609,54.1596],[-131.6609,54.1613]]],[[[-131.6741,54.1452],[-131.6638,54.1452],[-131.6628,54.1523],[-131.669,54.1536],[-131.6741,54.1452]]]]}},{"type":"Feature","properties":{"name":"Gitnadoiks River Park","des":"PROVINCIAL PARK","cls":"park","ha":57698},"geometry":{"type":"Polygon","coordinates":[[[-129.0102,54.1809],[-129.0341,54.1874],[-129.0338,54.1982],[-129.0414,54.2009],[-129.0171,54.2046],[-129.0105,54.2134],[-129.0157,54.2223],[-129.0045,54.237],[-129.025,54.2518],[-129.0202,54.2631],[-129.056,54.2724],[-129.0459,54.2952],[-129.0645,54.2996],[-129.0591,54.3031],[-129.0618,54.3124],[-129.1131,54.3089],[-129.1305,54.3143],[-129.1549,54.3088],[-129.1836,54.3128],[-129.1912,54.3247],[-129.2018,54.3209],[-129.2349,54.2999],[-129.2342,54.2901],[-129.2467,54.2695],[-129.2912,54.243],[-129.2848,54.2282],[-129.2946,54.2234],[-129.2993,54.2051],[-129.3129,54.1999],[-129.3037,54.1873],[-129.331,54.1733],[-129.3258,54.1627],[-129.2956,54.1469],[-129.3203,54.134],[-129.3376,54.1134],[-129.3498,54.1101],[-129.3226,54.0701],[-129.3364,54.0619],[-129.3309,54.0529],[-129.3464,54.0349],[-129.3242,54.0184],[-129.2876,54.034],[-129.237,54.0299],[-129.2162,54.0369],[-129.1762,54.0299],[-129.1568,54.0361],[-129.1502,54.0308],[-129.1163,54.0337],[-129.1191,54.0482],[-129.0813,54.0461],[-129.0494,54.0549],[-129.0225,54.0781],[-129.0106,54.076],[-128.9497,54.103],[-128.9702,54.1104],[-128.9778,54.1338],[-129.0023,54.1412],[-128.9898,54.1571],[-129.007,54.1672],[-129.0102,54.1809]],[[-129.1743,54.1008],[-129.1742,54.1037],[-129.1736,54.1006],[-129.1743,54.1008]],[[-129.1761,54.1308],[-129.1796,54.1326],[-129.1761,54.1326],[-129.1761,54.1308]],[[-129.1869,54.2898],[-129.1824,54.2902],[-129.1824,54.2884],[-129.1869,54.2898]],[[-129.1873,54.2577],[-129.1836,54.2597],[-129.1833,54.2579],[-129.1873,54.2577]],[[-129.1915,54.0644],[-129.1945,54.0671],[-129.1914,54.0671],[-129.1915,54.0644]],[[-129.1873,54.2048],[-129.1898,54.2066],[-129.1855,54.206],[-129.1873,54.2048]]]}},{"type":"Feature","properties":{"name":"Smith River Falls - Fort Halkett Park","des":"PROVINCIAL PARK","cls":"park","ha":254},"geometry":{"type":"MultiPolygon","coordinates":[[[[-126.4829,59.5548],[-126.4684,59.5517],[-126.4546,59.5621],[-126.4522,59.5775],[-126.4681,59.5776],[-126.468,59.5658],[-126.4829,59.5548]]],[[[-126.4872,59.5552],[-126.4856,59.5525],[-126.4803,59.5524],[-126.4872,59.5552]]]]}},{"type":"Feature","properties":{"name":"Lakelse Lake Wetlands Park","des":"PROVINCIAL PARK","cls":"park","ha":1214},"geometry":{"type":"MultiPolygon","coordinates":[[[[-128.5964,54.3569],[-128.6075,54.3485],[-128.6048,54.3314],[-128.6134,54.3238],[-128.5696,54.3175],[-128.5535,54.3269],[-128.5661,54.3532],[-128.5964,54.3569]]],[[[-128.6079,54.3521],[-128.6069,54.3504],[-128.6053,54.3521],[-128.6079,54.3521]]],[[[-128.5654,54.3528],[-128.5696,54.3575],[-128.571,54.3544],[-128.5667,54.3536],[-128.5654,54.3528]]]]}},{"type":"Feature","properties":{"name":"Babine Lake Marine Park - Hook (Deep Bay) Site","des":"PROVINCIAL PARK","cls":"park","ha":179},"geometry":{"type":"Polygon","coordinates":[[[-125.7048,54.557],[-125.7023,54.566],[-125.7112,54.5684],[-125.7274,54.5622],[-125.7154,54.5591],[-125.7175,54.5528],[-125.7048,54.557]]]}},{"type":"Feature","properties":{"name":"Babine Lake Marine Park - Pierre Creek Site","des":"PROVINCIAL PARK","cls":"park","ha":35},"geometry":{"type":"Polygon","coordinates":[[[-125.8635,54.6349],[-125.8486,54.6312],[-125.8486,54.6314],[-125.8635,54.6349]]]}},{"type":"Feature","properties":{"name":"Babine Lake Marine Park - Pinkut Creek Site","des":"PROVINCIAL PARK","cls":"park","ha":66},"geometry":{"type":"Polygon","coordinates":[[[-125.4489,54.4426],[-125.4283,54.4449],[-125.4509,54.4462],[-125.4489,54.4426]]]}},{"type":"Feature","properties":{"name":"Babine Lake Marine Park - Sandpoint Site","des":"PROVINCIAL PARK","cls":"park","ha":54},"geometry":{"type":"Polygon","coordinates":[[[-125.8827,54.6767],[-125.8902,54.6829],[-125.899,54.6795],[-125.8953,54.6738],[-125.8827,54.6767]]]}},{"type":"Feature","properties":{"name":"Exchamsiks River Protected Area","des":"PROTECTED AREA","cls":"park","ha":1545},"geometry":{"type":"Polygon","coordinates":[[[-129.2532,54.3646],[-129.3124,54.372],[-129.325,54.3641],[-129.3282,54.3436],[-129.3216,54.3354],[-129.2985,54.3279],[-129.2532,54.3646]],[[-129.2923,54.3351],[-129.3001,54.3357],[-129.2923,54.3383],[-129.2923,54.3351]]]}},{"type":"Feature","properties":{"name":"Gitnadoiks River Protected Area","des":"PROTECTED AREA","cls":"park","ha":145},"geometry":{"type":"Polygon","coordinates":[[[-129.2268,54.3092],[-129.1912,54.3247],[-129.2235,54.3201],[-129.2268,54.3092]]]}},{"type":"Feature","properties":{"name":"Kitsumkalum Lake North Protected Area","des":"PROTECTED AREA","cls":"park","ha":400},"geometry":{"type":"MultiPolygon","coordinates":[[[[-128.7946,54.8226],[-128.8225,54.8276],[-128.8146,54.8165],[-128.8052,54.8213],[-128.8035,54.8144],[-128.7854,54.8124],[-128.8048,54.8108],[-128.8005,54.8076],[-128.7727,54.8126],[-128.7854,54.8176],[-128.774,54.8185],[-128.7803,54.8251],[-128.7946,54.8226]]],[[[-128.775,54.8175],[-128.7735,54.8179],[-128.775,54.8179],[-128.775,54.8175]]]]}},{"type":"Feature","properties":{"name":"Lundmark Bog Protected Area","des":"PROTECTED AREA","cls":"park","ha":78},"geometry":{"type":"MultiPolygon","coordinates":[[[[-128.6868,54.6437],[-128.6782,54.6436],[-128.6739,54.6447],[-128.6867,54.6528],[-128.6868,54.6437]]],[[[-128.6764,54.6489],[-128.6723,54.6451],[-128.668,54.648],[-128.6681,54.6489],[-128.6764,54.6489]]]]}},{"type":"Feature","properties":{"name":"Swan Creek Protected Area","des":"PROTECTED AREA","cls":"park","ha":266},"geometry":{"type":"Polygon","coordinates":[[[-128.1054,54.4433],[-128.0837,54.4461],[-128.0815,54.4597],[-128.1064,54.4559],[-128.1054,54.4433]]]}},{"type":"Feature","properties":{"name":"Anderson Flats Park","des":"PROVINCIAL PARK","cls":"park","ha":99},"geometry":{"type":"MultiPolygon","coordinates":[[[[-127.6558,55.2441],[-127.6702,55.2508],[-127.6755,55.2454],[-127.6704,55.2395],[-127.6558,55.2441]]],[[[-127.6578,55.2414],[-127.6556,55.2403],[-127.6555,55.2428],[-127.6578,55.2414]]],[[[-127.6557,55.2394],[-127.6556,55.2399],[-127.6591,55.2394],[-127.6557,55.2394]]]]}},{"type":"Feature","properties":{"name":"Burnie-Shea Park","des":"PROVINCIAL PARK","cls":"park","ha":34536},"geometry":{"type":"Polygon","coordinates":[[[-127.7277,54.3076],[-127.7645,54.2997],[-127.7567,54.2829],[-127.7665,54.2762],[-127.7652,54.2701],[-127.7944,54.2712],[-127.8115,54.264],[-127.8178,54.2686],[-127.8389,54.2486],[-127.8617,54.2475],[-127.8547,54.2248],[-127.787,54.2036],[-127.7465,54.2057],[-127.7393,54.2276],[-127.6547,54.2697],[-127.5267,54.2855],[-127.5481,54.2907],[-127.5517,54.2984],[-127.5251,54.3137],[-127.4511,54.3269],[-127.4698,54.3511],[-127.4681,54.3632],[-127.4489,54.3764],[-127.4592,54.376],[-127.4636,54.3874],[-127.5145,54.3908],[-127.5195,54.3792],[-127.5609,54.3973],[-127.56,54.4052],[-127.5471,54.4155],[-127.5523,54.4226],[-127.549,54.4316],[-127.5388,54.4331],[-127.5473,54.445],[-127.5879,54.4547],[-127.6244,54.4472],[-127.6407,54.451],[-127.6432,54.4572],[-127.7061,54.4618],[-127.7513,54.4402],[-127.7391,54.4268],[-127.7441,54.394],[-127.7301,54.376],[-127.7193,54.3726],[-127.7123,54.3619],[-127.7142,54.3495],[-127.6758,54.3491],[-127.6944,54.3265],[-127.7268,54.3179],[-127.7277,54.3076]]]}},{"type":"Feature","properties":{"name":"Old Man Lake Park","des":"PROVINCIAL PARK","cls":"park","ha":326},"geometry":{"type":"Polygon","coordinates":[[[-126.3832,54.4013],[-126.3783,54.4141],[-126.4206,54.414],[-126.415,54.3994],[-126.3951,54.4074],[-126.3832,54.4013]]]}},{"type":"Feature","properties":{"name":"Nisga'A Memorial Lava Bed Corridor Protected Area","des":"PROTECTED AREA","cls":"park","ha":0.9},"geometry":{"type":"Polygon","coordinates":[[[-129.0778,55.1902],[-129.0796,55.1903],[-129.0818,55.1887],[-129.0778,55.1902]]]}},{"type":"Feature","properties":{"name":"Det San Ecological Reserve","des":"ECOLOGICAL RESERVE","cls":"park","ha":5.8},"geometry":{"type":"Polygon","coordinates":[[[-127.1051,54.7748],[-127.1075,54.772],[-127.1051,54.7721],[-127.1051,54.7748]]]}},{"type":"Feature","properties":{"name":"Nisga'A Memorial Lava Bed Protected Area","des":"PROTECTED AREA","cls":"park","ha":10.5},"geometry":{"type":"Polygon","coordinates":[[[-128.9498,55.1002],[-128.9465,55.0924],[-128.9449,55.0927],[-128.9498,55.1002]]]}},{"type":"Feature","properties":{"name":"Nisga'A Memorial Lava Bed Corridor Protected Area (No.2)","des":"PROTECTED AREA","cls":"park","ha":63.5},"geometry":{"type":"MultiPolygon","coordinates":[[[[-129.1341,55.2078],[-129.135,55.2083],[-129.1512,55.2031],[-129.1585,55.1998],[-129.1883,55.191],[-129.1982,55.187],[-129.2206,55.1845],[-129.2229,55.1812],[-129.2234,55.173],[-129.234,55.1702],[-129.2412,55.166],[-129.2227,55.1727],[-129.2201,55.1842],[-129.1979,55.1866],[-129.1341,55.2078]]],[[[-129.2403,55.1667],[-129.2526,55.1664],[-129.2424,55.1659],[-129.2403,55.1667]]],[[[-129.1142,55.2096],[-129.1317,55.2101],[-129.1347,55.2085],[-129.1142,55.2096]]],[[[-129.1021,55.2139],[-129.1157,55.212],[-129.1159,55.2105],[-129.114,55.2116],[-129.1021,55.2139]]]]}},{"type":"Feature","properties":{"name":"Gladys Lake Ecological Reserve","des":"ECOLOGICAL RESERVE","cls":"park","ha":40541},"geometry":{"type":"MultiPolygon","coordinates":[[[[-128.8794,57.69],[-128.8969,57.6879],[-128.9116,57.6755],[-128.9082,57.6869],[-128.9261,57.6862],[-128.9287,57.6842],[-128.932,57.6836],[-128.9323,57.6829],[-128.9343,57.682],[-128.9348,57.6809],[-128.9405,57.6777],[-128.9611,57.6687],[-128.9741,57.6568],[-128.9709,57.6503],[-128.9783,57.6392],[-129.0117,57.6256],[-129.0324,57.6059],[-129.0521,57.604],[-129.0811,57.5715],[-129.0811,57.5501],[-129.0308,57.5291],[-128.9528,57.5371],[-128.9004,57.5199],[-128.8742,57.5195],[-128.8437,57.5389],[-128.8309,57.5343],[-128.8629,57.5169],[-128.8673,57.5001],[-128.8189,57.4927],[-128.7818,57.5058],[-128.6923,57.5028],[-128.6196,57.5249],[-128.6194,57.543],[-128.6315,57.5374],[-128.6369,57.5426],[-128.6236,57.5552],[-128.6486,57.5592],[-128.6305,57.5669],[-128.6356,57.5805],[-128.6547,57.5778],[-128.6428,57.5871],[-128.6595,57.5949],[-128.6597,57.6012],[-128.6813,57.6093],[-128.6915,57.5953],[-128.691,57.612],[-128.7173,57.6099],[-128.7279,57.6229],[-128.7792,57.6339],[-128.7766,57.6392],[-128.7835,57.6455],[-128.8165,57.6537],[-128.8416,57.6721],[-128.8501,57.6669],[-128.8517,57.677],[-128.8667,57.6805],[-128.8773,57.6695],[-128.8794,57.69]]],[[[-128.9536,57.7174],[-129.0069,57.7304],[-129.0376,57.7147],[-129.0615,57.6784],[-129.0601,57.6617],[-129.0337,57.6522],[-129.0067,57.6621],[-128.9825,57.6628],[-128.9743,57.657],[-128.9577,57.6721],[-128.9074,57.6973],[-128.9442,57.7045],[-128.96,57.716],[-128.9536,57.7174]]]]}},{"type":"Feature","properties":{"name":"Call Lake Park","des":"PROVINCIAL PARK","cls":"park","ha":60},"geometry":{"type":"Polygon","coordinates":[[[-127.0839,54.7603],[-127.0976,54.7722],[-127.0964,54.7603],[-127.0839,54.7603]]]}},{"type":"Feature","properties":{"name":"Pitman River Protected Area","des":"PROTECTED AREA","cls":"park","ha":16316},"geometry":{"type":"Polygon","coordinates":[[[-127.4851,58.0408],[-127.5306,58.0552],[-127.5394,58.0502],[-127.7824,58.0438],[-127.8292,58.0364],[-127.8501,58.0437],[-127.8676,58.0785],[-127.9495,58.0619],[-127.9887,58.0472],[-128.0517,58.0416],[-128.1139,58.0491],[-128.2172,58.045],[-128.232,58.0467],[-128.2392,58.0572],[-128.2273,58.066],[-128.2506,58.0709],[-128.2575,58.0612],[-128.2517,58.0558],[-128.2558,58.0522],[-128.2511,58.0291],[-128.2388,58.0065],[-128.1829,58.0179],[-128.0369,58.0224],[-127.7667,58.0078],[-127.695,57.9894],[-127.6891,57.998],[-127.7068,58.0052],[-127.7088,58.0165],[-127.6473,58.0241],[-127.5093,58.0203],[-127.4917,58.0287],[-127.4851,58.0408]]]}},{"type":"Feature","properties":{"name":"Atlin/A Teix'Gi Aan Tlein Park","des":"PROVINCIAL PARK","cls":"park","ha":229894},"geometry":{"type":"MultiPolygon","coordinates":[[[[-133.5967,59.0816],[-133.5715,59.0839],[-133.563,59.0931],[-133.534,59.0958],[-133.524,59.1036],[-133.5248,59.2026],[-133.4399,59.2364],[-133.3557,59.2327],[-133.3481,59.2381],[-133.3755,59.268],[-133.3999,59.2691],[-133.4261,59.2964],[-133.4508,59.2992],[-133.4983,59.3346],[-133.5647,59.3501],[-133.5638,59.3558],[-133.5732,59.3595],[-133.5687,59.3624],[-133.6022,59.3779],[-133.7669,59.3796],[-133.6977,59.4013],[-133.6775,59.4297],[-133.6871,59.4404],[-133.6935,59.4347],[-133.7069,59.4414],[-133.7098,59.4523],[-133.7393,59.4835],[-133.764,59.4921],[-133.7623,59.501],[-133.7507,59.5067],[-133.76,59.5111],[-133.7574,59.5225],[-133.7681,59.5205],[-133.786,59.5305],[-133.8036,59.5216],[-133.8049,59.5091],[-133.8152,59.4993],[-133.8078,59.4928],[-133.8109,59.4846],[-133.8762,59.4451],[-133.8807,59.4291],[-133.9029,59.402],[-134.0002,59.4027],[-134.0001,59.4088],[-134.0947,59.4095],[-134.1135,59.4148],[-134.1678,59.4116],[-134.1927,59.4025],[-134.1646,59.3424],[-134.1329,59.3149],[-134.1378,59.3126],[-134.133,59.3032],[-134.1241,59.2973],[-134.0972,59.301],[-134.0871,59.2884],[-134.0426,59.2823],[-134.0396,59.2733],[-134.0481,59.2634],[-134.0352,59.2493],[-134.0172,59.244],[-134.0304,59.2341],[-134.0545,59.2327],[-134.0508,59.2261],[-134.0717,59.2182],[-134.0555,59.2077],[-134.0653,59.1964],[-134.0495,59.1839],[-134.0694,59.1798],[-134.0681,59.1713],[-134.0539,59.1614],[-134.0551,59.1499],[-134.067,59.1454],[-134.0648,59.1306],[-134.4834,59.1316],[-134.4472,59.0892],[-134.3819,59.0388],[-134.4072,58.9792],[-134.3135,58.9622],[-134.3365,58.9234],[-134.2594,58.8611],[-134.1596,58.8914],[-134.0817,58.8803],[-134.0507,58.8646],[-134.0219,58.8721],[-133.9871,58.9087],[-133.9662,58.9134],[-133.9415,58.9097],[-133.9181,58.9268],[-133.8929,58.9309],[-133.9149,58.9723],[-133.9164,59.0018],[-133.8901,58.9988],[-133.8711,59.0211],[-133.8399,59.0233],[-133.8303,59.0058],[-133.8013,59.0036],[-133.7896,58.9984],[-133.7951,58.9868],[-133.7672,58.9794],[-133.7688,58.9853],[-133.7572,58.9955],[-133.731,58.9911],[-133.7261,58.9981],[-133.7294,59.0136],[-133.6979,59.0152],[-133.6915,59.0185],[-133.6983,59.0262],[-133.6723,59.0342],[-133.6861,59.0426],[-133.6243,59.0634],[-133.5967,59.0816]]],[[[-133.8182,59.5309],[-133.7658,59.5321],[-133.7792,59.6],[-133.8167,59.6005],[-133.8181,59.6247],[-133.8106,59.63],[-133.8473,59.6268],[-133.8473,59.6186],[-133.854,59.6264],[-133.8712,59.6169],[-133.8991,59.6154],[-133.9199,59.6024],[-133.9115,59.5887],[-133.93,59.5781],[-133.9268,59.5646],[-133.936,59.5552],[-133.885,59.5412],[-133.8774,59.5268],[-133.8674,59.5239],[-133.8782,59.5128],[-133.8724,59.5085],[-133.873,59.4855],[-133.8342,59.4791],[-133.84,59.4901],[-133.8163,59.5172],[-133.8182,59.5309]],[[-133.876,59.5324],[-133.8757,59.5326],[-133.8756,59.5324],[-133.876,59.5324]],[[-133.8457,59.6186],[-133.8401,59.616],[-133.8472,59.6186],[-133.8457,59.6186]],[[-133.8473,59.6148],[-133.8401,59.6157],[-133.8402,59.614],[-133.8473,59.6148]]],[[[-133.853,59.6253],[-133.8517,59.6262],[-133.8532,59.6261],[-133.853,59.6253]]],[[[-134.3495,59.2704],[-134.3865,59.2728],[-134.4021,59.2579],[-134.3983,59.2511],[-134.4071,59.2402],[-134.2992,59.1981],[-134.2847,59.2095],[-134.2679,59.1977],[-134.2617,59.1829],[-134.2452,59.1779],[-134.2303,59.1874],[-134.1901,59.1863],[-134.1986,59.1937],[-134.1973,59.2115],[-134.1576,59.2282],[-134.271,59.2882],[-134.3333,59.2796],[-134.3495,59.2704]]]]}},{"type":"Feature","properties":{"name":"Babine Lake Marine Park - Pendleton Bay Site","des":"PROVINCIAL PARK","cls":"park","ha":36.8},"geometry":{"type":"MultiPolygon","coordinates":[[[[-125.7056,54.5132],[-125.7011,54.5187],[-125.7085,54.5187],[-125.7056,54.5132]]],[[[-125.7024,54.5028],[-125.698,54.506],[-125.7023,54.506],[-125.7024,54.5028]]],[[[-125.706,54.5132],[-125.7085,54.5156],[-125.7108,54.5132],[-125.706,54.5132]]]]}},{"type":"Feature","properties":{"name":"Babine Lake Marine Park - Smithers Landing Site","des":"PROVINCIAL PARK","cls":"park","ha":121},"geometry":{"type":"MultiPolygon","coordinates":[[[[-126.5323,55.0714],[-126.5527,55.0748],[-126.5528,55.0633],[-126.527,55.0653],[-126.5323,55.0714]]],[[[-126.5142,55.0556],[-126.5156,55.057],[-126.5163,55.0563],[-126.5142,55.0556]]],[[[-126.5121,55.0568],[-126.5117,55.0571],[-126.5125,55.0573],[-126.5121,55.0568]]],[[[-126.5155,55.0571],[-126.5123,55.0567],[-126.5149,55.0577],[-126.5155,55.0571]]]]}},{"type":"Feature","properties":{"name":"Babine Mountains Park","des":"PROVINCIAL PARK","cls":"park","ha":31146},"geometry":{"type":"Polygon","coordinates":[[[-127.1167,54.8939],[-127.1149,54.8689],[-127.0844,54.869],[-127.0843,54.8601],[-127.0466,54.8546],[-127.0466,54.8473],[-127.0341,54.8473],[-127.034,54.84],[-127.0215,54.84],[-127.0217,54.8473],[-126.9718,54.8446],[-126.9363,54.8551],[-126.9144,54.8336],[-126.9089,54.8199],[-126.8748,54.8324],[-126.8465,54.8312],[-126.7826,54.8442],[-126.7688,54.8514],[-126.7538,54.8759],[-126.7396,54.8818],[-126.7246,54.879],[-126.73,54.8923],[-126.7585,54.9197],[-126.7903,54.9243],[-126.8218,54.917],[-126.832,54.9205],[-126.8021,54.9382],[-126.811,54.9527],[-126.8447,54.9483],[-126.847,54.9528],[-126.8362,54.9598],[-126.8612,54.9651],[-126.8547,54.9811],[-126.8739,54.9851],[-126.8667,54.9895],[-126.8735,54.9956],[-126.8905,54.9989],[-126.9353,55.0211],[-126.9367,55.0282],[-126.9694,55.0409],[-126.9879,55.0316],[-126.9887,55.0209],[-126.9748,54.9995],[-127.0151,54.9782],[-127.0465,54.9762],[-127.0699,54.9634],[-127.0695,54.958],[-127.0323,54.9426],[-127.0094,54.9231],[-127.0061,54.8977],[-127.0674,54.903],[-127.0948,54.9205],[-127.1267,54.9198],[-127.1476,54.8921],[-127.1167,54.8939]]]}},{"type":"Feature","properties":{"name":"Blue/Dease Rivers Ecological Reserve","des":"ECOLOGICAL RESERVE","cls":"park","ha":965},"geometry":{"type":"Polygon","coordinates":[[[-129.2761,59.8615],[-129.1944,59.8617],[-129.1945,59.8806],[-129.2763,59.8804],[-129.2761,59.8615]]]}},{"type":"Feature","properties":{"name":"Ta Ch'Ila Park [A.K.A. Boya Lake Park]","des":"PROVINCIAL PARK","cls":"park","ha":4728},"geometry":{"type":"MultiPolygon","coordinates":[[[[-129.1352,59.405],[-129.1352,59.4123],[-129.1494,59.4123],[-129.1494,59.4195],[-129.1807,59.4195],[-129.1393,59.3789],[-129.1373,59.3722],[-129.1473,59.3621],[-129.1172,59.3621],[-129.1173,59.3476],[-129.0223,59.3476],[-129.0142,59.3603],[-129.0299,59.3768],[-129.0192,59.3859],[-129.0393,59.3969],[-129.0308,59.4058],[-129.0364,59.4124],[-129.0601,59.4105],[-129.068,59.4194],[-129.0785,59.4194],[-129.0785,59.4051],[-129.1352,59.405]]],[[[-129.1421,59.3687],[-129.1421,59.3687],[-129.1421,59.3687],[-129.1421,59.3687]]],[[[-129.1397,59.3698],[-129.1397,59.3698],[-129.1398,59.3698],[-129.1397,59.3698]]]]}},{"type":"Feature","properties":{"name":"Bulkley Junction Park","des":"PROVINCIAL PARK","cls":"park","ha":169},"geometry":{"type":"MultiPolygon","coordinates":[[[[-127.6745,55.2273],[-127.6709,55.2424],[-127.6833,55.2483],[-127.675,55.2417],[-127.6736,55.2368],[-127.6847,55.2245],[-127.6745,55.2273]]],[[[-127.684,55.2273],[-127.6742,55.2363],[-127.6756,55.2412],[-127.6841,55.2417],[-127.684,55.2273]]]]}},{"type":"Feature","properties":{"name":"Charlie Cole Creek Ecological Reserve","des":"ECOLOGICAL RESERVE","cls":"park","ha":199},"geometry":{"type":"Polygon","coordinates":[[[-131.905,59.4092],[-131.8749,59.4181],[-131.8839,59.4259],[-131.914,59.4169],[-131.905,59.4092]]]}},{"type":"Feature","properties":{"name":"Chickens Neck Mountain Ecological Reserve","des":"ECOLOGICAL RESERVE","cls":"park","ha":680},"geometry":{"type":"Polygon","coordinates":[[[-129.9466,58.9177],[-129.9108,58.9197],[-129.9014,58.9373],[-129.9589,58.9281],[-129.9466,58.9177]]]}},{"type":"Feature","properties":{"name":"Chunamon Creek Ecological Reserve","des":"ECOLOGICAL RESERVE","cls":"park","ha":344},"geometry":{"type":"Polygon","coordinates":[[[-124.4445,56.2114],[-124.4156,56.2236],[-124.4205,56.2326],[-124.4655,56.2226],[-124.4445,56.2114]]]}},{"type":"Feature","properties":{"name":"Dall River Old Growth Park","des":"PROVINCIAL PARK","cls":"park","ha":642},"geometry":{"type":"Polygon","coordinates":[[[-127.6823,58.6391],[-127.7126,58.682],[-127.7364,58.6814],[-127.7234,58.6788],[-127.7213,58.6523],[-127.7067,58.6502],[-127.7041,58.6371],[-127.6823,58.6391]]]}},{"type":"Feature","properties":{"name":"Denetiah Park","des":"PROVINCIAL PARK","cls":"park","ha":90379},"geometry":{"type":"MultiPolygon","coordinates":[[[[-127.1947,58.4851],[-127.178,58.4851],[-127.175,58.4926],[-127.1274,58.525],[-127.0791,58.5375],[-127.073,58.5545],[-127.0344,58.5793],[-127.0374,58.5983],[-127.0303,58.6013],[-127.0572,58.6207],[-127.0918,58.6331],[-127.1032,58.6612],[-127.1954,58.6963],[-127.219,58.7128],[-127.2379,58.706],[-127.1131,58.6269],[-127.2102,58.5897],[-127.2513,58.6036],[-127.3595,58.6184],[-127.3616,58.6318],[-127.39,58.6208],[-127.4515,58.6284],[-127.4658,58.5915],[-127.4846,58.5674],[-127.4995,58.5708],[-127.5109,58.5815],[-127.5363,58.5808],[-127.5746,58.5986],[-127.5842,58.6257],[-127.6194,58.6352],[-127.6823,58.6391],[-127.7041,58.6371],[-127.76,58.5754],[-127.7179,58.5587],[-127.7047,58.5262],[-127.6213,58.4752],[-127.6292,58.4605],[-127.6076,58.4394],[-127.5519,58.4236],[-127.5162,58.3903],[-127.5334,58.3888],[-127.5389,58.3801],[-127.5711,58.3677],[-127.5705,58.3575],[-127.5904,58.359],[-127.6286,58.3499],[-127.6289,58.3397],[-127.6404,58.3331],[-127.6095,58.3244],[-127.6192,58.3165],[-127.5926,58.3067],[-127.5868,58.2951],[-127.5641,58.2851],[-127.563,58.2763],[-127.5571,58.2747],[-127.5306,58.28],[-127.5086,58.2924],[-127.4696,58.2973],[-127.472,58.304],[-127.4416,58.3093],[-127.4148,58.3377],[-127.3573,58.3544],[-127.324,58.4052],[-127.3324,58.4214],[-127.3106,58.4372],[-127.3122,58.446],[-127.3032,58.4565],[-127.2499,58.4783],[-127.2039,58.4667],[-127.1947,58.4851]]],[[[-126.9131,58.6418],[-126.9335,58.6537],[-126.9307,58.6602],[-126.9167,58.6638],[-126.9344,58.6766],[-126.9547,58.6747],[-126.9846,58.6965],[-127.0121,58.7035],[-127.0129,58.7099],[-127.0449,58.7159],[-127.0799,58.7518],[-127.0887,58.7532],[-127.1243,58.7301],[-126.9877,58.6385],[-126.9731,58.6183],[-126.9131,58.6418]]]]}},{"type":"Feature","properties":{"name":"Diana Lake Park","des":"PROVINCIAL PARK","cls":"park","ha":233},"geometry":{"type":"Polygon","coordinates":[[[-130.1493,54.2372],[-130.1737,54.2335],[-130.1734,54.219],[-130.1553,54.218],[-130.1493,54.2372]]]}},{"type":"Feature","properties":{"name":"Driftwood Canyon Park","des":"PROVINCIAL PARK","cls":"park","ha":23},"geometry":{"type":"Polygon","coordinates":[[[-127.019,54.8237],[-127.019,54.8291],[-127.0278,54.8255],[-127.0278,54.8237],[-127.019,54.8237]]]}},{"type":"Feature","properties":{"name":"Ethel F. Wilson Memorial Park","des":"PROVINCIAL PARK","cls":"park","ha":33},"geometry":{"type":"MultiPolygon","coordinates":[[[[-125.682,54.4181],[-125.6861,54.421],[-125.6887,54.4146],[-125.682,54.4181]]],[[[-125.6919,54.4208],[-125.6894,54.4159],[-125.6868,54.4209],[-125.6919,54.4208]]]]}},{"type":"Feature","properties":{"name":"Exchamsiks River Park","des":"PROVINCIAL PARK","cls":"park","ha":20},"geometry":{"type":"Polygon","coordinates":[[[-129.2995,54.3363],[-129.2923,54.3351],[-129.2923,54.3383],[-129.2995,54.3363]]]}},{"type":"Feature","properties":{"name":"Gingietl Creek Ecological Reserve","des":"ECOLOGICAL RESERVE","cls":"park","ha":2873},"geometry":{"type":"Polygon","coordinates":[[[-129.2789,55.1835],[-129.2317,55.212],[-129.2377,55.2178],[-129.2548,55.2135],[-129.2728,55.2201],[-129.2661,55.2389],[-129.2956,55.2408],[-129.3248,55.2294],[-129.3288,55.2156],[-129.3405,55.2124],[-129.3189,55.1829],[-129.2789,55.1835]]]}},{"type":"Feature","properties":{"name":"Horneline Creek Park","des":"PROVINCIAL PARK","cls":"park","ha":298},"geometry":{"type":"Polygon","coordinates":[[[-127.329,58.9908],[-127.2542,58.9999],[-127.2542,59.0089],[-127.2844,59.008],[-127.2939,58.9998],[-127.329,58.9908]]]}},{"type":"Feature","properties":{"name":"Hyland River Park","des":"PROVINCIAL PARK","cls":"park","ha":34},"geometry":{"type":"MultiPolygon","coordinates":[[[[-128.1367,59.962],[-128.1395,59.9655],[-128.1454,59.9608],[-128.1429,59.9598],[-128.1367,59.962]]],[[[-128.1533,59.9587],[-128.1493,59.9629],[-128.156,59.9611],[-128.1533,59.9587]]]]}},{"type":"Feature","properties":{"name":"Khutzeymateen Park [A.K.A. Khutzeymateen/K'Tzim-A-","des":"PROVINCIAL PARK","cls":"park","ha":45052},"geometry":{"type":"Polygon","coordinates":[[[-129.9292,54.6526],[-129.9457,54.6386],[-129.9378,54.6313],[-129.995,54.5866],[-129.9669,54.5808],[-129.9557,54.5576],[-129.9626,54.5496],[-129.9552,54.5434],[-129.9312,54.5383],[-129.9082,54.5422],[-129.8781,54.5321],[-129.8612,54.5423],[-129.8205,54.5437],[-129.8075,54.5411],[-129.8041,54.5217],[-129.7848,54.5272],[-129.753,54.516],[-129.69,54.5195],[-129.6895,54.5301],[-129.6584,54.5502],[-129.6557,54.5656],[-129.6718,54.5729],[-129.6912,54.57],[-129.6972,54.5938],[-129.6728,54.6047],[-129.6732,54.6115],[-129.6544,54.6234],[-129.5838,54.6317],[-129.5446,54.6134],[-129.5373,54.59],[-129.5154,54.584],[-129.5067,54.5942],[-129.4907,54.5964],[-129.4812,54.6165],[-129.4558,54.6246],[-129.4663,54.638],[-129.463,54.6496],[-129.4729,54.6546],[-129.5003,54.6484],[-129.5226,54.6512],[-129.5508,54.6715],[-129.6314,54.6739],[-129.646,54.6819],[-129.6861,54.6842],[-129.6867,54.6953],[-129.6799,54.7021],[-129.6828,54.7134],[-129.6922,54.7173],[-129.6874,54.725],[-129.704,54.7379],[-129.755,54.7221],[-129.7756,54.7387],[-129.791,54.7398],[-129.8105,54.7378],[-129.8206,54.7265],[-129.8717,54.7225],[-129.8972,54.7053],[-129.8818,54.6973],[-129.8906,54.6835],[-129.9079,54.6763],[-129.9243,54.6775],[-129.9436,54.6626],[-129.9292,54.6526]]]}},{"type":"Feature","properties":{"name":"Kinaskan Lake Park","des":"PROVINCIAL PARK","cls":"park","ha":1800},"geometry":{"type":"Polygon","coordinates":[[[-130.2211,57.501],[-130.1822,57.5312],[-130.2114,57.5288],[-130.2158,57.5368],[-130.2281,57.5338],[-130.2492,57.5088],[-130.2432,57.5019],[-130.2609,57.491],[-130.2788,57.4633],[-130.2325,57.4634],[-130.2176,57.4859],[-130.2211,57.501]]]}},{"type":"Feature","properties":{"name":"Kitsumkalum Park","des":"PROVINCIAL PARK","cls":"park","ha":40},"geometry":{"type":"MultiPolygon","coordinates":[[[[-128.7649,54.719],[-128.767,54.7231],[-128.7669,54.7242],[-128.7769,54.7221],[-128.7649,54.719]]],[[[-128.7635,54.7189],[-128.7634,54.7241],[-128.766,54.7241],[-128.7662,54.7223],[-128.7635,54.7189]]]]}},{"type":"Feature","properties":{"name":"Kitwanga Mountain Park","des":"PROVINCIAL PARK","cls":"park","ha":720},"geometry":{"type":"MultiPolygon","coordinates":[[[[-128.1806,55.1087],[-128.1463,55.1014],[-128.1337,55.1048],[-128.1274,55.114],[-128.1655,55.1266],[-128.189,55.1232],[-128.1806,55.1087]]],[[[-128.1535,55.0942],[-128.1463,55.0954],[-128.1463,55.1011],[-128.1544,55.1005],[-128.1535,55.0942]]]]}},{"type":"Feature","properties":{"name":"Kleanza Creek Park","des":"PROVINCIAL PARK","cls":"park","ha":220},"geometry":{"type":"MultiPolygon","coordinates":[[[[-128.3706,54.5963],[-128.402,54.6023],[-128.3921,54.5982],[-128.4007,54.595],[-128.3977,54.5952],[-128.3989,54.5933],[-128.3929,54.5931],[-128.3931,54.5909],[-128.3706,54.5963]]],[[[-128.3994,54.5894],[-128.4016,54.5929],[-128.4048,54.5895],[-128.3994,54.5894]]],[[[-128.3992,54.593],[-128.4005,54.5948],[-128.4015,54.5931],[-128.3992,54.593]]],[[[-128.3707,54.5999],[-128.3745,54.6],[-128.3707,54.5987],[-128.3707,54.5999]]],[[[-128.4019,54.6011],[-128.4011,54.5983],[-128.3959,54.5991],[-128.4019,54.6011]]],[[[-128.4186,54.6018],[-128.4217,54.6036],[-128.4217,54.6019],[-128.4186,54.6018]]],[[[-128.3956,54.6026],[-128.4021,54.6038],[-128.402,54.6026],[-128.3956,54.6026]]],[[[-128.4021,54.6039],[-128.4021,54.6039],[-128.4021,54.6039],[-128.4021,54.6039]]],[[[-128.406,54.5895],[-128.4079,54.6028],[-128.4124,54.5897],[-128.406,54.5895]]],[[[-128.4079,54.6038],[-128.4034,54.6076],[-128.4078,54.6076],[-128.4079,54.6038]]]]}},{"type":"Feature","properties":{"name":"Kwadacha Wilderness Park","des":"PROVINCIAL PARK","cls":"park","ha":130279},"geometry":{"type":"Polygon","coordinates":[[[-124.6829,57.7022],[-124.6177,57.7289],[-124.6264,57.7423],[-124.5938,57.7468],[-124.6785,57.788],[-124.6929,57.8192],[-124.6644,57.832],[-124.6613,57.8407],[-124.6844,57.8495],[-124.6883,57.8586],[-124.703,57.8611],[-124.7076,57.8712],[-124.7324,57.8794],[-124.7304,57.886],[-124.7412,57.8916],[-124.7448,57.9044],[-124.7959,57.8957],[-124.7806,57.8699],[-124.7944,57.8622],[-124.8277,57.8661],[-124.8333,57.8715],[-124.8294,57.8785],[-124.8459,57.8913],[-124.8812,57.8937],[-124.8886,57.9145],[-124.9346,57.9241],[-124.9237,57.9293],[-124.9305,57.9534],[-124.9143,57.9624],[-124.9102,57.9723],[-124.9217,57.9795],[-124.923,57.9873],[-124.9472,57.9951],[-124.9605,57.987],[-124.9764,57.9905],[-124.9875,57.9948],[-124.9898,58.0033],[-125.0055,58.0068],[-125.0272,58.0006],[-125.0599,58.0261],[-125.089,58.0146],[-125.1458,58.0288],[-125.2026,58.0198],[-125.2174,57.9975],[-125.2694,57.9757],[-125.2616,57.9665],[-125.2776,57.9439],[-125.2939,57.9419],[-125.3045,57.931],[-125.3598,57.9139],[-125.3852,57.8988],[-125.3642,57.8845],[-125.3742,57.8794],[-125.3715,57.8738],[-125.3914,57.8668],[-125.3927,57.8555],[-125.3634,57.8387],[-125.3645,57.833],[-125.3786,57.8263],[-125.4196,57.8374],[-125.4488,57.836],[-125.4565,57.834],[-125.4675,57.8144],[-125.4293,57.7884],[-125.4338,57.7597],[-125.4567,57.7476],[-125.4164,57.7376],[-125.4059,57.7259],[-125.3595,57.7194],[-125.3161,57.6963],[-125.2964,57.7063],[-125.2826,57.7059],[-125.1935,57.6837],[-125.1883,57.6748],[-125.1659,57.6739],[-125.1633,57.667],[-125.1301,57.651],[-125.1084,57.6464],[-125.098,57.6562],[-125.1062,57.6634],[-125.0882,57.6683],[-125.0848,57.6841],[-125.0372,57.6937],[-125.0358,57.7036],[-125.0152,57.7015],[-124.9994,57.6872],[-125.0106,57.6714],[-125.0028,57.6616],[-124.9857,57.6576],[-124.9793,57.6455],[-124.978,57.6394],[-124.9858,57.6367],[-124.9847,57.6128],[-124.9761,57.6105],[-124.9677,57.6154],[-124.9467,57.6108],[-124.8777,57.6165],[-124.8756,57.6486],[-124.8869,57.6685],[-124.8837,57.681],[-124.8557,57.6945],[-124.8582,57.721],[-124.842,57.7258],[-124.837,57.735],[-124.8063,57.7332],[-124.7929,57.7233],[-124.7804,57.73],[-124.7467,57.7312],[-124.7357,57.7191],[-124.7104,57.7143],[-124.6948,57.7234],[-124.6968,57.7064],[-124.6829,57.7022]]]}},{"type":"Feature","properties":{"name":"Lakelse Lake Park","des":"PROVINCIAL PARK","cls":"park","ha":350},"geometry":{"type":"MultiPolygon","coordinates":[[[[-128.5235,54.39],[-128.5433,54.3875],[-128.5393,54.3866],[-128.5445,54.3755],[-128.5268,54.3755],[-128.5235,54.39]]],[[[-128.5207,54.4142],[-128.5268,54.4175],[-128.5294,54.4175],[-128.5207,54.4142]]],[[[-128.5306,54.4173],[-128.5331,54.4234],[-128.5454,54.4206],[-128.5454,54.4114],[-128.5269,54.4137],[-128.5275,54.408],[-128.5206,54.4067],[-128.5207,54.4136],[-128.5306,54.4173]]]]}},{"type":"Feature","properties":{"name":"Lepas Bay Ecological Reserve","des":"ECOLOGICAL RESERVE","cls":"park","ha":1.5},"geometry":{"type":"Polygon","coordinates":[[[-133.0462,54.1717],[-133.0486,54.1721],[-133.0461,54.171],[-133.0462,54.1717]]]}},{"type":"Feature","properties":{"name":"Liard River Corridor Park","des":"PROVINCIAL PARK","cls":"park","ha":83159},"geometry":{"type":"MultiPolygon","coordinates":[[[[-125.9284,59.4259],[-125.9468,59.3938],[-125.8939,59.3893],[-125.7458,59.3325],[-125.6455,59.3408],[-125.4419,59.2267],[-125.0292,59.2675],[-124.9707,59.2852],[-125.015,59.3137],[-125.041,59.3212],[-125.1189,59.3235],[-125.1904,59.325],[-125.233,59.3147],[-125.2789,59.294],[-125.4611,59.3749],[-125.4908,59.3745],[-125.6146,59.3957],[-125.6361,59.394],[-125.6904,59.4159],[-125.7286,59.4151],[-125.7299,59.428],[-125.7555,59.4418],[-125.7915,59.4493],[-125.8071,59.462],[-125.8573,59.4489],[-125.887,59.4344],[-125.9142,59.4322],[-125.9284,59.4259]]],[[[-124.6315,59.5439],[-124.6587,59.5844],[-124.6549,59.6045],[-124.714,59.6047],[-124.7734,59.5679],[-124.8546,59.4934],[-124.848,59.4413],[-124.8579,59.4166],[-124.9433,59.3893],[-125.006,59.3864],[-125.0499,59.3745],[-125.0918,59.3539],[-125.1239,59.3557],[-125.1464,59.3369],[-125.037,59.3355],[-124.9976,59.325],[-124.9415,59.2941],[-124.7712,59.3902],[-124.78,59.4072],[-124.7788,59.4411],[-124.7588,59.4983],[-124.7332,59.5201],[-124.6429,59.5257],[-124.6315,59.5439]]],[[[-126.0875,59.4215],[-126.0085,59.4245],[-125.9246,59.4566],[-125.8343,59.4764],[-125.7679,59.4635],[-125.7781,59.4812],[-125.9191,59.5104],[-125.9098,59.5341],[-125.9852,59.532],[-125.9869,59.5148],[-125.9705,59.4619],[-126.0394,59.4606],[-126.0426,59.4489],[-126.0875,59.4396],[-126.0875,59.4215]]]]}},{"type":"Feature","properties":{"name":"Liard River Hot Springs Park","des":"PROVINCIAL PARK","cls":"park","ha":1082},"geometry":{"type":"MultiPolygon","coordinates":[[[[-126.094,59.4215],[-126.0928,59.413],[-126.0388,59.3949],[-126.0365,59.4217],[-126.0875,59.4215],[-126.0875,59.4396],[-126.123,59.4395],[-126.123,59.4327],[-126.094,59.4215]]],[[[-126.0973,59.415],[-126.096,59.421],[-126.123,59.4316],[-126.1227,59.4182],[-126.0973,59.415]]]]}},{"type":"Feature","properties":{"name":"Meziadin Lake Park","des":"PROVINCIAL PARK","cls":"park","ha":335},"geometry":{"type":"MultiPolygon","coordinates":[[[[-129.3064,56.0956],[-129.3259,56.0969],[-129.3164,56.0949],[-129.3135,56.0861],[-129.3075,56.087],[-129.296,56.0857],[-129.2927,56.0824],[-129.3053,56.0853],[-129.2976,56.0769],[-129.2824,56.0768],[-129.2821,56.0846],[-129.3031,56.0889],[-129.3064,56.0956]]],[[[-129.3085,56.0848],[-129.3069,56.0849],[-129.3075,56.0862],[-129.3085,56.0848]]]]}},{"type":"Feature","properties":{"name":"Mount Edziza Park","des":"PROVINCIAL PARK","cls":"park","ha":266180},"geometry":{"type":"Polygon","coordinates":[[[-130.7792,58.0398],[-130.867,58.0374],[-130.883,58.027],[-130.9256,58.0159],[-130.9596,58.0186],[-131.003,57.999],[-131.0391,57.9967],[-131.0727,57.9752],[-131.0732,57.9539],[-131.0836,57.9424],[-131.0844,57.932],[-131.1447,57.8986],[-131.1708,57.8992],[-131.1716,57.8912],[-131.1851,57.8912],[-131.1851,57.8955],[-131.2093,57.8909],[-131.1998,57.8849],[-131.2121,57.8677],[-131.1954,57.8542],[-131.1556,57.8404],[-131.0245,57.7368],[-131.0248,57.7191],[-131.0467,57.6875],[-131.0379,57.6699],[-131.0545,57.6424],[-130.9633,57.6236],[-130.9541,57.6063],[-130.9609,57.601],[-130.9462,57.5974],[-130.9567,57.5669],[-130.9441,57.5642],[-130.9234,57.5066],[-130.9267,57.5028],[-130.92,57.4992],[-130.9252,57.4864],[-130.9122,57.4829],[-130.9163,57.4761],[-130.9068,57.4696],[-130.9294,57.4373],[-130.8769,57.4305],[-130.884,57.4177],[-130.8877,57.384],[-130.863,57.3822],[-130.8479,57.3565],[-130.8605,57.3346],[-130.855,57.3089],[-130.8773,57.2878],[-130.63,57.2882],[-130.5825,57.2843],[-130.5616,57.2741],[-130.5263,57.3215],[-130.5155,57.3207],[-130.4701,57.343],[-130.4855,57.3689],[-130.4974,57.3727],[-130.5102,57.3885],[-130.5079,57.4073],[-130.4848,57.4144],[-130.4763,57.4269],[-130.4622,57.4326],[-130.4633,57.4556],[-130.4578,57.4619],[-130.4634,57.4666],[-130.4584,57.4727],[-130.4622,57.4779],[-130.443,57.4865],[-130.4464,57.5045],[-130.4351,57.507],[-130.4289,57.5222],[-130.4199,57.5226],[-130.4193,57.531],[-130.3981,57.5291],[-130.4362,57.5838],[-130.4162,57.5893],[-130.388,57.579],[-130.3811,57.5893],[-130.3949,57.6025],[-130.4137,57.6056],[-130.37,57.6324],[-130.3774,57.6394],[-130.3739,57.6559],[-130.3801,57.6628],[-130.3749,57.6678],[-130.3951,57.6801],[-130.4788,57.6737],[-130.4779,57.6524],[-130.5121,57.652],[-130.5126,57.6659],[-130.5561,57.6653],[-130.5561,57.6922],[-130.5143,57.6965],[-130.5148,57.7095],[-130.4106,57.7146],[-130.4148,57.7233],[-130.436,57.7338],[-130.4295,57.7465],[-130.4355,57.7486],[-130.439,57.7677],[-130.4568,57.7857],[-130.4525,57.7952],[-130.4431,57.7971],[-130.4385,57.8172],[-130.4317,57.8279],[-130.4229,57.8296],[-130.4208,57.8443],[-130.4143,57.8467],[-130.4292,57.8608],[-130.4228,57.8685],[-130.4233,57.8957],[-130.4731,57.9167],[-130.4686,57.9227],[-130.4809,57.9316],[-130.4863,57.9536],[-130.5087,57.9603],[-130.5319,57.9838],[-130.5452,57.9889],[-130.532,57.9968],[-130.5633,58.0094],[-130.5735,58.0278],[-130.7417,58.0261],[-130.7792,58.0398]]]}},{"type":"Feature","properties":{"name":"Mount Blanchet Park","des":"PROVINCIAL PARK","cls":"park","ha":24774},"geometry":{"type":"Polygon","coordinates":[[[-125.8719,55.388],[-125.9583,55.3733],[-125.96,55.2974],[-125.981,55.2963],[-125.996,55.2849],[-125.9847,55.2751],[-125.9764,55.2317],[-125.9404,55.2165],[-125.8716,55.2141],[-125.8401,55.2052],[-125.8053,55.1855],[-125.764,55.1792],[-125.7521,55.1682],[-125.749,55.1726],[-125.7351,55.1644],[-125.726,55.1667],[-125.7291,55.171],[-125.7234,55.1678],[-125.7413,55.2172],[-125.7424,55.2687],[-125.7672,55.2841],[-125.7705,55.2925],[-125.7801,55.3017],[-125.7884,55.3187],[-125.806,55.3416],[-125.8719,55.388]],[[-125.8132,55.3175],[-125.8213,55.3274],[-125.8004,55.334],[-125.791,55.3193],[-125.8132,55.3175]]]}},{"type":"Feature","properties":{"name":"Mount Pope Park","des":"PROVINCIAL PARK","cls":"park","ha":2030},"geometry":{"type":"MultiPolygon","coordinates":[[[[-124.3738,54.5174],[-124.4015,54.5081],[-124.3404,54.4792],[-124.3201,54.4792],[-124.3156,54.4685],[-124.2757,54.4669],[-124.2726,54.4607],[-124.2695,54.4678],[-124.2571,54.4678],[-124.3295,54.5013],[-124.3363,54.5097],[-124.3738,54.5174]]],[[[-124.3331,54.4774],[-124.3334,54.4781],[-124.334,54.4778],[-124.3331,54.4774]]]]}},{"type":"Feature","properties":{"name":"Mudzenchoot Park","des":"PROVINCIAL PARK","cls":"park","ha":644},"geometry":{"type":"Polygon","coordinates":[[[-124.4431,55.026],[-124.4037,55.05],[-124.4066,55.0552],[-124.4553,55.0405],[-124.473,55.0178],[-124.4431,55.026]]]}},{"type":"Feature","properties":{"name":"Muncho Lake Park","des":"PROVINCIAL PARK","cls":"park","ha":88420},"geometry":{"type":"MultiPolygon","coordinates":[[[[-125.9797,59.2413],[-125.9744,59.223],[-125.941,59.2055],[-125.91,59.1747],[-125.8768,59.1553],[-125.8084,59.0812],[-125.7823,59.045],[-125.7761,59.0433],[-125.7765,59.0315],[-125.7681,59.0227],[-125.7712,59.0021],[-125.7629,58.9969],[-125.7592,58.9878],[-125.769,58.9623],[-125.7639,58.9295],[-125.7712,58.9247],[-125.7676,58.9104],[-125.7762,58.8952],[-125.7561,58.8783],[-125.7351,58.8486],[-125.7246,58.8469],[-125.7285,58.8425],[-125.7398,58.8528],[-125.733,58.8408],[-125.7401,58.8134],[-125.7333,58.8053],[-125.7238,58.7853],[-125.7124,58.7769],[-125.7009,58.7749],[-125.693,58.7785],[-125.6671,58.7843],[-125.6338,58.7872],[-125.6144,58.7871],[-125.5831,58.7817],[-125.5578,58.793],[-125.5373,58.797],[-125.5101,58.7988],[-125.5082,58.8046],[-125.4944,58.8152],[-125.4618,58.8187],[-125.4502,58.8273],[-125.4321,58.8356],[-125.426,58.837],[-125.4186,58.8491],[-125.41,58.8522],[-125.3905,58.8537],[-125.359,58.8474],[-125.3503,58.8544],[-125.4027,58.8843],[-125.4105,58.8984],[-125.4332,58.9129],[-125.4392,58.9317],[-125.4538,58.9387],[-125.5002,58.9413],[-125.5395,58.9337],[-125.654,58.9371],[-125.6622,58.9461],[-125.6448,58.9513],[-125.6395,58.9678],[-125.6617,58.9807],[-125.6557,58.9849],[-125.6714,59.004],[-125.6603,59.0123],[-125.673,59.0185],[-125.6721,59.0362],[-125.696,59.0409],[-125.7073,59.0576],[-125.7405,59.0724],[-125.7442,59.0847],[-125.7729,59.1115],[-125.8848,59.1968],[-125.9029,59.2183],[-125.8741,59.2263],[-125.8808,59.2299],[-125.8791,59.2367],[-125.9797,59.2413]]],[[[-125.9823,59.2418],[-126.0605,59.2478],[-126.0665,59.2465],[-126.0669,59.2308],[-126.042,59.1955],[-125.9479,59.1277],[-125.8599,59.0257],[-125.8502,58.9849],[-125.8612,58.8909],[-125.8549,58.878],[-125.7994,58.834],[-125.8126,58.804],[-125.8032,58.7695],[-125.7707,58.7427],[-125.7238,58.7318],[-125.6882,58.7312],[-125.6237,58.7433],[-125.5693,58.7378],[-125.4599,58.7633],[-125.4396,58.7809],[-125.4138,58.7836],[-125.359,58.8033],[-125.359,58.8467],[-125.3907,58.8528],[-125.4171,58.8487],[-125.4261,58.8357],[-125.4687,58.8148],[-125.5004,58.8102],[-125.5088,58.7982],[-125.5129,58.7967],[-125.5545,58.7929],[-125.5823,58.7809],[-125.6334,58.7863],[-125.7031,58.774],[-125.7119,58.7756],[-125.7214,58.7817],[-125.7337,58.7978],[-125.7416,58.8132],[-125.7348,58.842],[-125.7576,58.8779],[-125.7779,58.8951],[-125.7692,58.9104],[-125.7728,58.9248],[-125.7665,58.9337],[-125.7709,58.9639],[-125.761,58.9889],[-125.7728,59.0018],[-125.7756,59.0105],[-125.7696,59.0225],[-125.7802,59.029],[-125.7775,59.043],[-125.7837,59.0446],[-125.8782,59.1549],[-125.9113,59.1742],[-125.9423,59.205],[-125.9759,59.2225],[-125.9823,59.2418]],[[-125.7917,59.0431],[-125.7953,59.0437],[-125.7917,59.0437],[-125.7917,59.0431]]],[[[-125.9813,59.2416],[-125.9813,59.2416],[-125.9805,59.2415],[-125.9813,59.2416]]]]}},{"type":"Feature","properties":{"name":"Naikoon Park","des":"PROVINCIAL PARK","cls":"park","ha":69071},"geometry":{"type":"MultiPolygon","coordinates":[[[[-131.6389,54.1939],[-131.6449,54.1942],[-131.6745,54.1537],[-131.7294,54.1049],[-131.7899,54.0765],[-131.796,54.0801],[-131.8393,54.071],[-131.8019,54.0737],[-131.7926,54.0702],[-131.7692,54.0793],[-131.7692,54.0732],[-131.7846,54.0696],[-131.7938,54.0696],[-131.804,54.0732],[-131.8181,54.0693],[-131.8183,54.0596],[-131.8367,54.0596],[-131.8307,54.0452],[-131.8673,54.0453],[-131.8672,54.0544],[-131.8704,54.053],[-131.8892,54.047],[-131.8902,54.0455],[-131.9044,54.0436],[-131.8673,54.0585],[-131.9424,54.0377],[-132.0026,54.0304],[-131.9977,54.027],[-131.9044,54.0444],[-131.9043,54.0374],[-131.9289,54.0381],[-131.9289,54.0301],[-131.9537,54.0301],[-131.9536,54.0228],[-131.9659,54.0228],[-131.9659,54.03],[-131.9539,54.0328],[-131.9782,54.0288],[-131.9781,54.0228],[-132.0027,54.0229],[-132.0027,54.0156],[-131.9536,54.0156],[-131.9537,53.9289],[-131.9403,53.9286],[-131.9401,53.8656],[-132.0,53.8655],[-132.0001,53.8077],[-132.049,53.8077],[-132.0487,53.7571],[-132.0669,53.7571],[-132.0669,53.7426],[-132.0791,53.7426],[-132.0728,53.6775],[-132.0971,53.6775],[-132.0972,53.6506],[-131.9862,53.6022],[-131.969,53.6023],[-131.9691,53.595],[-131.9426,53.5818],[-131.9327,53.6078],[-131.9314,53.5845],[-131.9414,53.583],[-131.9418,53.582],[-131.9418,53.582],[-131.9418,53.5816],[-131.9357,53.5722],[-131.9222,53.5722],[-131.9294,53.5891],[-131.9297,53.6205],[-131.871,53.7098],[-131.8815,53.7703],[-131.8598,53.8062],[-131.7561,53.9119],[-131.7051,53.9767],[-131.675,54.0523],[-131.6552,54.1621],[-131.6389,54.1939]],[[-131.9384,53.5812],[-131.9418,53.582],[-131.9385,53.5819],[-131.9384,53.5812]],[[-131.6831,54.0586],[-131.6788,54.0658],[-131.6818,54.0586],[-131.6831,54.0586]],[[-131.6628,54.1523],[-131.6638,54.1452],[-131.6771,54.1452],[-131.6686,54.1538],[-131.6628,54.1523]],[[-131.8153,54.0156],[-131.8184,54.0229],[-131.8061,54.0228],[-131.8062,54.0156],[-131.8153,54.0156]],[[-131.8799,54.0376],[-131.8676,54.0375],[-131.8676,54.0303],[-131.8799,54.0303],[-131.8799,54.0376]],[[-131.9092,53.6698],[-131.9092,53.6869],[-131.8952,53.6869],[-131.9092,53.6698]],[[-131.7204,53.9722],[-131.7327,53.9722],[-131.7327,53.9867],[-131.7204,53.9867],[-131.7204,53.9722]],[[-131.6792,54.1451],[-131.6603,54.1662],[-131.6418,54.1933],[-131.6578,54.1638],[-131.6594,54.1458],[-131.6633,54.1452],[-131.6621,54.1525],[-131.6674,54.1543],[-131.6699,54.1535],[-131.6792,54.1451]]],[[[-131.9377,53.5735],[-131.9414,53.5804],[-131.9442,53.5827],[-131.9443,53.5722],[-131.9377,53.5735]]]]}},{"type":"Feature","properties":{"name":"Ningunsaw River Ecological Reserve","des":"ECOLOGICAL RESERVE","cls":"park","ha":2372},"geometry":{"type":"Polygon","coordinates":[[[-130.1622,56.892],[-130.1142,56.8817],[-130.0883,56.8819],[-130.071,56.9029],[-130.0888,56.9279],[-130.12,56.9307],[-130.1744,56.9077],[-130.1622,56.892]]]}},{"type":"Feature","properties":{"name":"Anhluut'Ukwsim Laxmihl Anwinga'Asanakwhl Nisga'A","des":"PROVINCIAL PARK","cls":"park","ha":17717},"geometry":{"type":"MultiPolygon","coordinates":[[[[-128.8708,55.2176],[-128.8759,55.2297],[-128.9789,55.2176],[-128.9853,55.211],[-128.9774,55.2054],[-128.9446,55.2079],[-128.945,55.2],[-128.9747,55.191],[-128.9457,55.1836],[-128.9502,55.1745],[-128.9207,55.1601],[-128.9282,55.1494],[-128.9187,55.1405],[-128.9198,55.1127],[-128.9509,55.1016],[-128.9449,55.0927],[-128.8984,55.095],[-128.8854,55.0731],[-128.8559,55.0599],[-128.8336,55.0752],[-128.8371,55.0908],[-128.8295,55.0937],[-128.8268,55.1068],[-128.793,55.1194],[-128.7948,55.1439],[-128.7861,55.1517],[-128.8282,55.1805],[-128.8426,55.1789],[-128.8522,55.1907],[-128.8496,55.2018],[-128.8708,55.2176]]],[[[-129.1043,55.2211],[-129.1462,55.2141],[-129.1805,55.2021],[-129.1808,55.1964],[-129.2294,55.1886],[-129.2302,55.1724],[-129.2526,55.1725],[-129.2526,55.1668],[-129.2414,55.1662],[-129.2736,55.1658],[-129.2434,55.1596],[-129.2176,55.1634],[-129.2006,55.1567],[-129.1777,55.1646],[-129.1816,55.1685],[-129.1458,55.1685],[-129.1382,55.1772],[-129.1421,55.1811],[-129.1076,55.1886],[-129.0764,55.175],[-129.021,55.166],[-129.0149,55.1536],[-128.9925,55.1373],[-128.9774,55.0976],[-128.9949,55.0929],[-128.9973,55.0728],[-128.9872,55.0734],[-128.9811,55.058],[-129.0128,55.0413],[-129.0095,55.0365],[-129.0209,55.0206],[-129.0224,55.0082],[-129.0035,55.0],[-129.0079,55.0256],[-128.9953,55.0421],[-128.9713,55.0573],[-128.9724,55.0873],[-128.9465,55.0924],[-128.9518,55.1013],[-128.9649,55.0975],[-128.9682,55.1224],[-128.978,55.1409],[-128.9994,55.156],[-129.0074,55.171],[-129.0818,55.1887],[-129.0846,55.1992],[-129.1027,55.2072],[-129.102,55.2136],[-129.1159,55.2105],[-129.1021,55.214],[-129.1043,55.2211]],[[-129.1347,55.2085],[-129.1142,55.2103],[-129.1142,55.2096],[-129.1347,55.2085]],[[-129.2206,55.1845],[-129.1335,55.2082],[-129.1701,55.1954],[-129.1879,55.1906],[-129.1979,55.1866],[-129.2201,55.1842],[-129.2227,55.1727],[-129.2336,55.1698],[-129.2396,55.166],[-129.2412,55.166],[-129.234,55.1702],[-129.2234,55.173],[-129.2206,55.1845]]]]}},{"type":"Feature","properties":{"name":"Northern Rocky Mountains Park","des":"PROVINCIAL PARK","cls":"park","ha":665709},"geometry":{"type":"Polygon","coordinates":[[[-123.6827,57.769],[-123.6643,57.7513],[-123.6662,57.743],[-123.6474,57.7446],[-123.6397,57.7335],[-123.5818,57.7331],[-123.5618,57.7267],[-123.5463,57.7326],[-123.5345,57.7128],[-123.5042,57.6952],[-123.5048,57.6887],[-123.4929,57.6859],[-123.4901,57.6967],[-123.4255,57.7138],[-123.4064,57.7061],[-123.38,57.715],[-123.3694,57.6984],[-123.3335,57.7142],[-123.5541,57.8398],[-123.6217,57.8693],[-123.6228,57.8877],[-123.6065,57.9223],[-123.8228,58.2383],[-123.6372,58.3278],[-123.6462,58.3367],[-123.6223,58.3554],[-123.6188,58.368],[-123.6244,58.373],[-123.6324,58.3772],[-123.6549,58.3685],[-123.721,58.3675],[-123.7597,58.3599],[-123.7795,58.3485],[-123.7814,58.3398],[-123.7922,58.3381],[-123.7957,58.3289],[-123.8365,58.3296],[-123.8684,58.3503],[-123.815,58.3628],[-123.875,58.4787],[-123.9758,58.514],[-123.9918,58.5485],[-124.0815,58.5525],[-124.0911,58.5434],[-124.1446,58.5309],[-124.1671,58.5397],[-124.166,58.5467],[-124.1979,58.5572],[-124.2174,58.5738],[-124.2434,58.5643],[-124.2614,58.5874],[-124.2893,58.6059],[-124.2846,58.6129],[-124.2985,58.63],[-124.2885,58.6444],[-124.3053,58.6464],[-124.3056,58.6531],[-124.3302,58.6496],[-124.4283,58.6642],[-124.5095,58.6538],[-124.5468,58.6614],[-124.6075,58.6512],[-124.6072,58.6393],[-124.6214,58.6379],[-124.6236,58.6317],[-124.6435,58.6236],[-124.6616,58.6068],[-124.6645,58.5956],[-124.7007,58.5736],[-124.6968,58.567],[-124.7101,58.5497],[-124.6773,58.5322],[-124.6946,58.5169],[-124.6921,58.5092],[-124.7057,58.5033],[-124.7051,58.4869],[-124.7105,58.4822],[-124.7029,58.4775],[-124.7081,58.4697],[-124.7472,58.4568],[-124.7649,58.4553],[-124.7588,58.4679],[-124.7873,58.492],[-124.8115,58.497],[-124.8631,58.4875],[-124.8724,58.5042],[-124.856,58.5096],[-124.8395,58.5293],[-124.8661,58.5356],[-124.8765,58.5481],[-124.8685,58.5551],[-124.8867,58.571],[-124.9011,58.5691],[-124.9155,58.5759],[-124.923,58.5881],[-124.9589,58.5944],[-124.9741,58.5937],[-124.9685,58.5838],[-125.0061,58.5839],[-124.9752,58.5557],[-124.9861,58.5372],[-124.9665,58.5158],[-124.9834,58.4917],[-124.9752,58.487],[-124.9677,58.4488],[-124.9812,58.4334],[-125.0116,58.4299],[-125.0124,58.4187],[-124.9879,58.4164],[-124.9664,58.3976],[-124.9279,58.3849],[-124.9072,58.3598],[-124.8755,58.3467],[-124.8445,58.3548],[-124.8184,58.3343],[-124.8328,58.3225],[-124.8254,58.3091],[-124.7971,58.303],[-124.7727,58.2919],[-124.7724,58.2858],[-124.7522,58.2812],[-124.7286,58.2563],[-124.7559,58.2465],[-124.7601,58.2384],[-124.7939,58.2299],[-124.796,58.2214],[-124.7825,58.206],[-124.7872,58.1911],[-124.8762,58.1921],[-124.88,58.1814],[-124.8732,58.1731],[-124.8804,58.1631],[-124.8333,58.1436],[-124.8437,58.1349],[-124.8693,58.1296],[-124.8628,58.1207],[-124.873,58.1121],[-124.8551,58.0972],[-124.8801,58.091],[-124.8959,58.0717],[-124.9033,58.0733],[-124.9235,58.0613],[-124.9222,58.0512],[-124.9093,58.0418],[-124.9072,58.0319],[-124.9131,58.0265],[-124.9372,58.0248],[-124.9581,58.0341],[-124.9693,58.0239],[-124.9451,58.0051],[-124.9407,57.9903],[-124.9235,57.9875],[-124.9102,57.9724],[-124.9143,57.9624],[-124.9305,57.9534],[-124.9237,57.9293],[-124.9346,57.9241],[-124.8886,57.9145],[-124.8812,57.8937],[-124.8459,57.8913],[-124.8294,57.8785],[-124.8333,57.8715],[-124.8277,57.8661],[-124.808,57.8621],[-124.7808,57.8689],[-124.7959,57.8957],[-124.7448,57.9044],[-124.7412,57.8916],[-124.7304,57.886],[-124.7324,57.8794],[-124.7076,57.8712],[-124.703,57.8611],[-124.6624,57.8422],[-124.6644,57.832],[-124.6933,57.818],[-124.6785,57.788],[-124.5938,57.7468],[-124.6262,57.7425],[-124.6198,57.7258],[-124.6597,57.7063],[-124.634,57.6772],[-124.604,57.666],[-124.5907,57.6756],[-124.5937,57.6836],[-124.5184,57.6647],[-124.484,57.6643],[-124.4498,57.6485],[-124.4581,57.6382],[-124.4495,57.62],[-124.4541,57.615],[-124.45,57.6018],[-124.4377,57.5989],[-124.4371,57.5917],[-124.4123,57.5889],[-124.4076,57.581],[-124.3857,57.5802],[-124.363,57.5905],[-124.3526,57.6043],[-124.3136,57.6189],[-124.3158,57.6341],[-124.2868,57.6387],[-124.2902,57.652],[-124.2722,57.6535],[-124.2778,57.6671],[-124.2564,57.6701],[-124.2301,57.6909],[-124.1468,57.6996],[-124.1327,57.7051],[-124.1305,57.7156],[-124.1159,57.7124],[-124.0889,57.7261],[-124.0569,57.7179],[-124.0486,57.7042],[-124.0043,57.7042],[-123.893,57.7303],[-123.8371,57.7237],[-123.8058,57.7133],[-123.7833,57.7203],[-123.7559,57.7077],[-123.7485,57.7094],[-123.7474,57.7195],[-123.7216,57.734],[-123.7372,57.7506],[-123.7371,57.7602],[-123.7005,57.7557],[-123.6896,57.7586],[-123.6901,57.7667],[-123.6827,57.769]],[[-124.1336,58.0719],[-124.1197,58.0719],[-124.1289,58.0639],[-124.1336,58.0719]]]}},{"type":"Feature","properties":{"name":"Omineca Park","des":"PROVINCIAL PARK","cls":"park","ha":132296},"geometry":{"type":"MultiPolygon","coordinates":[[[[-124.4054,56.0229],[-124.5022,56.0392],[-124.5317,56.0705],[-124.5142,56.0955],[-124.5251,56.0989],[-124.539,56.0917],[-124.5691,56.0571],[-124.5626,56.0508],[-124.5806,56.0104],[-124.575,55.9985],[-124.5827,55.9628],[-124.6155,55.9508],[-124.6434,55.9279],[-124.6502,55.9274],[-124.6613,55.9392],[-124.6908,55.9453],[-124.7475,55.934],[-124.7369,55.9163],[-124.7522,55.9006],[-124.786,55.9011],[-124.7951,55.908],[-124.8151,55.9037],[-124.8394,55.8852],[-124.835,55.8769],[-124.8391,55.8669],[-124.8459,55.8606],[-124.8295,55.8461],[-124.825,55.8367],[-124.8268,55.8254],[-124.8212,55.8254],[-124.8216,55.8345],[-124.759,55.8255],[-124.7331,55.8119],[-124.7398,55.8039],[-124.7297,55.7996],[-124.7228,55.7952],[-124.7139,55.8019],[-124.6936,55.7912],[-124.6929,55.7954],[-124.6655,55.7916],[-124.6526,55.8055],[-124.6276,55.8021],[-124.6423,55.7885],[-124.6433,55.7965],[-124.6526,55.8008],[-124.6639,55.7901],[-124.6919,55.7906],[-124.6676,55.7776],[-124.6349,55.7771],[-124.611,55.8064],[-124.5615,55.7779],[-124.4912,55.7768],[-124.4079,55.7953],[-124.3631,55.7928],[-124.3598,55.778],[-124.3502,55.766],[-124.3332,55.7593],[-124.3292,55.749],[-124.3372,55.7452],[-124.3321,55.7346],[-124.3529,55.7265],[-124.3743,55.7067],[-124.3552,55.6987],[-124.3154,55.7005],[-124.3061,55.7051],[-124.3106,55.7195],[-124.2189,55.7575],[-124.2259,55.7773],[-124.2198,55.7815],[-124.2285,55.7877],[-124.1927,55.7952],[-124.1812,55.8049],[-124.2034,55.8119],[-124.1846,55.8227],[-124.2274,55.8319],[-124.2281,55.841],[-124.2537,55.8477],[-124.2807,55.8301],[-124.2734,55.8541],[-124.247,55.8618],[-124.2686,55.8743],[-124.2658,55.8815],[-124.3005,55.8924],[-124.2865,55.8991],[-124.3203,55.9071],[-124.3139,55.915],[-124.3221,55.9282],[-124.3176,55.9395],[-124.3305,55.9531],[-124.3548,55.9626],[-124.344,55.9694],[-124.3814,55.9789],[-124.351,55.9842],[-124.3902,56.0005],[-124.3788,56.0066],[-124.4056,56.0169],[-124.4054,56.0229]]],[[[-124.6738,55.6695],[-124.6779,55.6694],[-124.6764,55.6691],[-124.6738,55.6695]]],[[[-124.6793,55.67],[-124.682,55.6703],[-124.6823,55.6695],[-124.6793,55.67]]],[[[-124.7047,55.6737],[-124.7193,55.6804],[-124.7108,55.675],[-124.6881,55.6698],[-124.6836,55.6692],[-124.6818,55.671],[-124.6678,55.6703],[-124.666,55.6794],[-124.7047,55.6737]]],[[[-124.9679,55.7124],[-124.9861,55.7115],[-124.9847,55.7034],[-124.9475,55.6717],[-124.917,55.6673],[-124.8649,55.6412],[-124.8609,55.6298],[-124.8246,55.6434],[-124.8162,55.6556],[-124.7484,55.6542],[-124.7353,55.6783],[-124.708,55.6684],[-124.6838,55.6685],[-124.7114,55.6745],[-124.7515,55.6888],[-124.7813,55.6916],[-124.82,55.7075],[-124.8673,55.701],[-124.8796,55.6948],[-124.9298,55.6862],[-124.9403,55.6919],[-124.9508,55.7048],[-124.9679,55.7124]],[[-124.9447,55.6905],[-124.9474,55.6912],[-124.9445,55.6909],[-124.9447,55.6905]],[[-124.9405,55.688],[-124.938,55.69],[-124.9379,55.6882],[-124.9405,55.688]]],[[[-125.4845,55.7443],[-125.4857,55.7448],[-125.486,55.7448],[-125.4845,55.7443]]],[[[-125.4894,55.7458],[-125.4897,55.7462],[-125.4899,55.746],[-125.4894,55.7458]]],[[[-125.4814,55.7568],[-125.4834,55.7578],[-125.4851,55.7578],[-125.4814,55.7568]]],[[[-125.4543,55.7577],[-125.4521,55.758],[-125.4518,55.7581],[-125.4543,55.7577]]],[[[-125.4518,55.7587],[-125.4515,55.7587],[-125.4512,55.759],[-125.4518,55.7587]]],[[[-125.1163,55.82],[-125.1257,55.8148],[-125.1162,55.8146],[-125.1101,55.8135],[-125.1012,55.8096],[-125.0967,55.8035],[-125.0962,55.8081],[-125.1163,55.82]]],[[[-124.8401,55.8206],[-124.925,55.823],[-124.9619,55.8075],[-124.9851,55.8131],[-124.9951,55.8055],[-125.0216,55.8075],[-125.0353,55.7994],[-125.0459,55.8021],[-125.0522,55.796],[-125.0845,55.804],[-125.0968,55.7997],[-125.1016,55.8094],[-125.116,55.8143],[-125.1893,55.8116],[-125.2063,55.8166],[-125.2823,55.7899],[-125.3308,55.8004],[-125.5236,55.7731],[-125.4778,55.7561],[-125.4743,55.7573],[-125.4578,55.7567],[-125.4434,55.7628],[-125.4434,55.7588],[-125.4466,55.7611],[-125.4475,55.7584],[-125.4579,55.7564],[-125.4783,55.7555],[-125.4892,55.7464],[-125.4838,55.7441],[-125.2432,55.7548],[-125.1469,55.7717],[-125.0704,55.7412],[-125.0708,55.7259],[-125.0149,55.7698],[-124.997,55.7735],[-124.9862,55.7122],[-124.9707,55.714],[-124.9578,55.7096],[-124.9494,55.7048],[-124.9393,55.6922],[-124.9296,55.6869],[-124.8677,55.7017],[-124.8199,55.7082],[-124.7807,55.6922],[-124.7515,55.6895],[-124.732,55.6848],[-124.6912,55.7671],[-124.6988,55.7652],[-124.7048,55.7736],[-124.699,55.7749],[-124.71,55.7757],[-124.719,55.7827],[-124.7136,55.7849],[-124.7165,55.7883],[-124.7267,55.7921],[-124.7231,55.795],[-124.74,55.8036],[-124.7472,55.8003],[-124.7632,55.8097],[-124.8103,55.8185],[-124.8212,55.8252],[-124.827,55.8244],[-124.8297,55.8254],[-124.8324,55.8275],[-124.8401,55.8206]]],[[[-124.8395,55.8843],[-124.96,55.8834],[-124.9926,55.8764],[-125.0104,55.8663],[-125.0173,55.8685],[-125.0514,55.845],[-125.0622,55.8506],[-125.1102,55.8235],[-125.0935,55.8136],[-125.0898,55.8214],[-125.0618,55.8107],[-125.0428,55.8138],[-125.0369,55.803],[-125.0219,55.8077],[-125.0062,55.8098],[-125.0095,55.8194],[-124.9959,55.8216],[-124.9959,55.81],[-124.9853,55.8133],[-124.9795,55.8137],[-124.9915,55.8224],[-124.9286,55.8328],[-124.9251,55.8232],[-124.8968,55.8269],[-124.9072,55.8384],[-124.8524,55.8369],[-124.8371,55.8422],[-124.847,55.8507],[-124.8431,55.8535],[-124.8299,55.835],[-124.8379,55.8281],[-124.8314,55.8276],[-124.8294,55.8256],[-124.8268,55.8247],[-124.8256,55.8248],[-124.8272,55.8253],[-124.8284,55.8278],[-124.8289,55.8321],[-124.8254,55.8366],[-124.83,55.846],[-124.8464,55.8605],[-124.8354,55.8769],[-124.8395,55.8843]]]]}},{"type":"Feature","properties":{"name":"Paarens Beach Park","des":"PROVINCIAL PARK","cls":"park","ha":50},"geometry":{"type":"Polygon","coordinates":[[[-124.3864,54.42],[-124.3747,54.4154],[-124.3747,54.4237],[-124.3864,54.42]]]}},{"type":"Feature","properties":{"name":"Prophet River Hot Springs Park","des":"PROVINCIAL PARK","cls":"park","ha":184},"geometry":{"type":"Polygon","coordinates":[[[-124.0362,57.6461],[-124.0116,57.6463],[-124.0119,57.6576],[-124.0365,57.6574],[-124.0362,57.6461]]]}},{"type":"Feature","properties":{"name":"Prudhomme Lake Park","des":"PROVINCIAL PARK","cls":"park","ha":9},"geometry":{"type":"Polygon","coordinates":[[[-130.1359,54.2397],[-130.1308,54.2404],[-130.1278,54.2415],[-130.1326,54.2425],[-130.1359,54.2397]]]}},{"type":"Feature","properties":{"name":"Raspberry Harbour Ecological Reserve","des":"ECOLOGICAL RESERVE","cls":"park","ha":143},"geometry":{"type":"Polygon","coordinates":[[[-124.2364,56.0916],[-124.233,56.0992],[-124.2379,56.1036],[-124.2504,56.1039],[-124.2509,56.0919],[-124.2364,56.0916]]]}},{"type":"Feature","properties":{"name":"Red Bluff Park","des":"PROVINCIAL PARK","cls":"park","ha":148},"geometry":{"type":"MultiPolygon","coordinates":[[[[-126.1799,54.8385],[-126.172,54.8569],[-126.185,54.8594],[-126.1875,54.8494],[-126.1799,54.8385]]],[[[-126.1875,54.8587],[-126.1856,54.858],[-126.1854,54.8594],[-126.1875,54.8587]]]]}},{"type":"Feature","properties":{"name":"Redfern-Keily Park","des":"PROVINCIAL PARK","cls":"park","ha":80712},"geometry":{"type":"Polygon","coordinates":[[[-124.0346,57.3389],[-124.0074,57.3271],[-124.0193,57.3198],[-124.0075,57.3101],[-123.9876,57.2999],[-123.9715,57.2996],[-123.932,57.2707],[-123.9065,57.2807],[-123.7246,57.2775],[-123.6084,57.2484],[-123.5864,57.2481],[-123.569,57.2384],[-123.5512,57.2409],[-123.5366,57.2553],[-123.5338,57.28],[-123.5634,57.2933],[-123.5708,57.3127],[-123.5912,57.3113],[-123.6177,57.3286],[-123.6386,57.3336],[-123.67,57.3591],[-123.6582,57.3815],[-123.6726,57.4031],[-123.6607,57.4784],[-123.6667,57.483],[-123.6629,57.4903],[-123.6764,57.4983],[-123.6676,57.5046],[-123.669,57.5216],[-123.6816,57.5295],[-123.698,57.5225],[-123.7337,57.5225],[-123.7305,57.5042],[-123.7531,57.5123],[-123.7657,57.5027],[-123.7774,57.5088],[-123.7932,57.5333],[-123.837,57.5113],[-123.8433,57.513],[-123.8438,57.5213],[-123.8532,57.5174],[-123.8817,57.5244],[-123.8812,57.538],[-123.9495,57.5409],[-123.984,57.5299],[-124.0155,57.5336],[-124.0489,57.5272],[-124.0688,57.5325],[-124.0689,57.5415],[-124.0876,57.5493],[-124.1041,57.5476],[-124.1101,57.5398],[-124.1081,57.5304],[-124.1162,57.5271],[-124.1839,57.5401],[-124.2078,57.5375],[-124.2171,57.5225],[-124.2117,57.519],[-124.2149,57.5039],[-124.1708,57.5003],[-124.1806,57.4923],[-124.1841,57.455],[-124.121,57.4493],[-124.1313,57.4456],[-124.138,57.4343],[-124.1161,57.4243],[-124.1335,57.4053],[-124.1026,57.3698],[-124.1038,57.3558],[-124.093,57.3463],[-124.0776,57.3459],[-124.0777,57.335],[-124.0711,57.3314],[-124.0346,57.3389]]]}},{"type":"Feature","properties":{"name":"Ross Lake Park","des":"PROVINCIAL PARK","cls":"park","ha":307},"geometry":{"type":"MultiPolygon","coordinates":[[[[-127.5001,55.2622],[-127.5362,55.2677],[-127.5402,55.2518],[-127.5148,55.2519],[-127.5149,55.2568],[-127.5027,55.2568],[-127.5001,55.2622]]],[[[-127.5079,55.2638],[-127.4983,55.2639],[-127.515,55.2669],[-127.5079,55.2638]]],[[[-127.5399,55.2664],[-127.5403,55.2665],[-127.5403,55.266],[-127.5399,55.2664]]]]}},{"type":"Feature","properties":{"name":"Scatter River Old Growth Park","des":"PROVINCIAL PARK","cls":"park","ha":1140},"geometry":{"type":"Polygon","coordinates":[[[-124.6865,59.6471],[-124.714,59.6047],[-124.6549,59.6045],[-124.6706,59.6169],[-124.6446,59.6525],[-124.6644,59.6548],[-124.6865,59.6471]]]}},{"type":"Feature","properties":{"name":"Seeley Lake Park","des":"PROVINCIAL PARK","cls":"park","ha":24},"geometry":{"type":"MultiPolygon","coordinates":[[[[-127.6957,55.197],[-127.6829,55.1999],[-127.6957,55.1999],[-127.6957,55.197]]],[[[-127.6884,55.1962],[-127.6829,55.1993],[-127.6957,55.1962],[-127.6884,55.1962]]]]}},{"type":"Feature","properties":{"name":"Sikanni Chief River Ecological Reserve","des":"ECOLOGICAL RESERVE","cls":"park","ha":2173},"geometry":{"type":"Polygon","coordinates":[[[-124.1365,57.2738],[-124.0793,57.2501],[-124.0954,57.2874],[-124.0902,57.2982],[-124.0801,57.3006],[-124.081,57.3127],[-124.1475,57.3057],[-124.1789,57.2948],[-124.1719,57.2872],[-124.1755,57.2788],[-124.1365,57.2738]]]}},{"type":"Feature","properties":{"name":"Skeena River Ecological Reserve","des":"ECOLOGICAL RESERVE","cls":"park","ha":341},"geometry":{"type":"MultiPolygon","coordinates":[[[[-129.3077,54.3241],[-129.2773,54.3281],[-129.2881,54.3336],[-129.3077,54.3241]]],[[[-129.3419,54.3076],[-129.3231,54.311],[-129.3482,54.309],[-129.3419,54.3076]]],[[[-129.341,54.3108],[-129.3384,54.3109],[-129.3464,54.3108],[-129.341,54.3108]]],[[[-129.3428,54.3136],[-129.3058,54.3179],[-129.3154,54.3219],[-129.3428,54.3136]]]]}},{"type":"Feature","properties":{"name":"Smith River Ecological Reserve","des":"ECOLOGICAL RESERVE","cls":"park","ha":1390},"geometry":{"type":"Polygon","coordinates":[[[-126.5636,59.6853],[-126.5576,59.659],[-126.5496,59.6588],[-126.5181,59.6671],[-126.4717,59.6665],[-126.4812,59.6749],[-126.4796,59.6871],[-126.5425,59.6965],[-126.5636,59.6853]]]}},{"type":"Feature","properties":{"name":"Sowchea Bay Park","des":"PROVINCIAL PARK","cls":"park","ha":13},"geometry":{"type":"Polygon","coordinates":[[[-124.4462,54.419],[-124.4547,54.4213],[-124.4547,54.419],[-124.4462,54.419]]]}},{"type":"Feature","properties":{"name":"Spatsizi Plateau Wilderness Park","des":"PROVINCIAL PARK","cls":"park","ha":698659},"geometry":{"type":"Polygon","coordinates":[[[-128.2628,57.8261],[-128.53,57.9378],[-128.6135,57.9156],[-128.7529,57.9272],[-128.8707,57.9195],[-128.9012,57.9058],[-129.0784,57.9016],[-129.2497,57.9156],[-129.4351,57.8878],[-129.6828,57.9137],[-129.7006,57.8911],[-129.6711,57.8451],[-129.6038,57.7824],[-129.5679,57.7378],[-129.537,57.7354],[-129.5298,57.709],[-129.5055,57.6885],[-129.3977,57.6473],[-129.3975,57.6235],[-129.3679,57.6153],[-129.3488,57.5344],[-129.3154,57.4845],[-129.1728,57.4078],[-129.0888,57.3776],[-128.9791,57.3487],[-128.9014,57.3101],[-128.8988,57.2957],[-128.7404,57.2785],[-128.6917,57.2813],[-128.6952,57.277],[-128.6884,57.2693],[-128.6825,57.2343],[-128.663,57.2176],[-128.6506,57.2213],[-128.5912,57.2037],[-128.5499,57.1778],[-128.5332,57.1852],[-128.4717,57.1601],[-128.4786,57.1349],[-128.4521,57.138],[-128.4485,57.1145],[-128.4818,57.1028],[-128.4785,57.0994],[-128.4356,57.1062],[-128.4043,57.092],[-128.39,57.0937],[-128.3825,57.1087],[-128.3555,57.1155],[-128.3286,57.1323],[-128.2922,57.1257],[-128.2744,57.1365],[-128.2396,57.1421],[-128.2287,57.1649],[-128.1978,57.1728],[-128.1768,57.1857],[-128.1598,57.1763],[-128.1392,57.1857],[-128.0996,57.1735],[-128.0815,57.1514],[-128.094,57.1326],[-128.0718,57.1201],[-128.0335,57.1221],[-128.0433,57.1341],[-128.023,57.1403],[-128.0236,57.1545],[-128.0152,57.1553],[-127.9989,57.1475],[-127.9814,57.1252],[-127.9304,57.1346],[-127.8769,57.1229],[-127.8664,57.1359],[-127.8804,57.1503],[-127.8772,57.1594],[-127.9281,57.1599],[-127.9432,57.164],[-127.9526,57.1749],[-127.9294,57.1867],[-127.8992,57.1901],[-127.9048,57.1966],[-127.8846,57.2074],[-127.8826,57.2181],[-127.8625,57.2336],[-127.8466,57.2354],[-127.8497,57.2481],[-127.8407,57.2534],[-127.8451,57.2566],[-127.8135,57.273],[-127.7767,57.2746],[-127.7368,57.2943],[-127.7123,57.2872],[-127.7057,57.2761],[-127.7131,57.2715],[-127.7118,57.2634],[-127.6813,57.2482],[-127.6862,57.2409],[-127.6492,57.214],[-127.6597,57.1973],[-127.6769,57.1904],[-127.6741,57.183],[-127.5845,57.1553],[-127.5662,57.1576],[-127.528,57.1724],[-127.529,57.1797],[-127.5171,57.1861],[-127.5005,57.1822],[-127.4809,57.199],[-127.4814,57.2124],[-127.4667,57.22],[-127.5024,57.2348],[-127.5019,57.241],[-127.5283,57.2454],[-127.5455,57.2562],[-127.5272,57.2805],[-127.5374,57.286],[-127.5165,57.2926],[-127.5088,57.3236],[-127.4584,57.3537],[-127.4601,57.3633],[-127.4497,57.3694],[-127.473,57.3846],[-127.3592,57.4037],[-127.3668,57.4084],[-127.3476,57.4198],[-127.3578,57.4197],[-127.3579,57.4363],[-127.3758,57.4363],[-127.3758,57.4447],[-127.4297,57.4447],[-127.4297,57.4543],[-127.4554,57.4543],[-127.4554,57.4778],[-127.4797,57.4721],[-127.5478,57.4972],[-127.5908,57.529],[-127.6225,57.5832],[-127.6146,57.5937],[-127.64,57.6021],[-127.6406,57.6122],[-127.7666,57.657],[-128.1207,57.7036],[-128.1934,57.7734],[-128.2628,57.8261]],[[-128.1865,57.6509],[-128.1462,57.6508],[-128.1462,57.6447],[-128.1732,57.6412],[-128.1866,57.6455],[-128.1865,57.6509]],[[-129.0601,57.6617],[-129.0615,57.6784],[-129.0376,57.7147],[-129.0069,57.7304],[-128.9675,57.7228],[-128.9536,57.7174],[-128.96,57.716],[-128.9442,57.7045],[-128.9074,57.6973],[-128.9281,57.6836],[-128.9082,57.6869],[-128.9116,57.6755],[-128.8969,57.6879],[-128.8794,57.69],[-128.8773,57.6695],[-128.8667,57.6805],[-128.8517,57.677],[-128.8501,57.6669],[-128.8416,57.6721],[-128.8165,57.6537],[-128.7835,57.6455],[-128.7766,57.6392],[-128.7792,57.6339],[-128.7279,57.6229],[-128.7173,57.6099],[-128.691,57.612],[-128.6915,57.5953],[-128.6813,57.6093],[-128.6646,57.6043],[-128.6595,57.5949],[-128.6428,57.5871],[-128.6547,57.5778],[-128.6356,57.5805],[-128.6305,57.5669],[-128.6486,57.5592],[-128.6236,57.5552],[-128.6369,57.5426],[-128.6315,57.5374],[-128.6194,57.543],[-128.6196,57.5249],[-128.6923,57.5028],[-128.7818,57.5058],[-128.8189,57.4927],[-128.8673,57.5001],[-128.8629,57.5169],[-128.8309,57.5343],[-128.8437,57.5389],[-128.8742,57.5195],[-128.9004,57.5199],[-128.9528,57.5371],[-128.9762,57.5386],[-129.0165,57.5273],[-129.0446,57.5316],[-129.0811,57.5501],[-129.0811,57.5715],[-129.0521,57.604],[-129.0324,57.6059],[-129.0117,57.6256],[-128.9783,57.6392],[-128.9709,57.6504],[-128.9825,57.6628],[-129.0067,57.6621],[-129.0337,57.6522],[-129.0601,57.6617]]]}},{"type":"Feature","properties":{"name":"Stone Mountain Park","des":"PROVINCIAL PARK","cls":"park","ha":25690},"geometry":{"type":"MultiPolygon","coordinates":[[[[-124.8661,58.5356],[-124.8398,58.53],[-124.8418,58.524],[-124.8566,58.5092],[-124.8724,58.5042],[-124.8609,58.4864],[-124.8115,58.497],[-124.7852,58.4914],[-124.7588,58.4679],[-124.7649,58.4553],[-124.7281,58.4604],[-124.7081,58.4697],[-124.7029,58.4775],[-124.7105,58.4822],[-124.7051,58.4869],[-124.7057,58.5033],[-124.6921,58.5092],[-124.6946,58.5169],[-124.6772,58.5324],[-124.7101,58.5497],[-124.6968,58.567],[-124.7007,58.5736],[-124.6645,58.5956],[-124.6616,58.6068],[-124.6435,58.6236],[-124.6236,58.6317],[-124.6214,58.6379],[-124.6072,58.6393],[-124.6075,58.6548],[-124.6436,58.6495],[-124.6554,58.6521],[-124.686,58.6425],[-124.7147,58.6442],[-124.7322,58.6497],[-124.7476,58.6493],[-124.7584,58.6523],[-124.7859,58.67],[-124.8164,58.679],[-124.8102,58.6561],[-124.813,58.6392],[-124.8467,58.6154],[-124.8334,58.5938],[-124.8755,58.5968],[-124.9081,58.5748],[-124.9011,58.5691],[-124.8867,58.571],[-124.8685,58.5551],[-124.8765,58.5481],[-124.8661,58.5356]]],[[[-124.643,58.6687],[-124.6795,58.6864],[-124.6941,58.6819],[-124.7101,58.6862],[-124.7178,58.7015],[-124.7573,58.7198],[-124.8105,58.6796],[-124.7796,58.6682],[-124.7576,58.653],[-124.7318,58.6505],[-124.7142,58.6451],[-124.6863,58.6433],[-124.6563,58.6528],[-124.6076,58.6557],[-124.6079,58.6721],[-124.643,58.6687]]]]}},{"type":"Feature","properties":{"name":"Stuart Lake Park","des":"PROVINCIAL PARK","cls":"park","ha":343},"geometry":{"type":"MultiPolygon","coordinates":[[[[-124.631,54.6328],[-124.6559,54.6329],[-124.6559,54.6289],[-124.6421,54.622],[-124.6311,54.6157],[-124.631,54.6328]]],[[[-124.6311,54.6111],[-124.6559,54.6285],[-124.656,54.6184],[-124.6662,54.6184],[-124.6311,54.6111]]]]}},{"type":"Feature","properties":{"name":"Swan Lake Kispiox River Park","des":"PROVINCIAL PARK","cls":"park","ha":62255},"geometry":{"type":"MultiPolygon","coordinates":[[[[-128.7171,55.8773],[-128.7366,55.8883],[-128.7484,55.8832],[-128.743,55.8763],[-128.7601,55.8821],[-128.7577,55.8765],[-128.7634,55.8727],[-128.7554,55.8624],[-128.7771,55.8713],[-128.7964,55.8476],[-128.774,55.8013],[-128.7791,55.8015],[-128.6782,55.7296],[-128.6338,55.7138],[-128.5845,55.72],[-128.5261,55.7445],[-128.483,55.7218],[-128.4477,55.7144],[-128.4321,55.7223],[-128.4353,55.7299],[-128.4478,55.7316],[-128.4487,55.7392],[-128.5264,55.7814],[-128.4997,55.7933],[-128.5042,55.7996],[-128.4978,55.8072],[-128.4497,55.815],[-128.4556,55.8203],[-128.4419,55.8333],[-128.4418,55.8515],[-128.4231,55.8692],[-128.4074,55.8615],[-128.3838,55.8772],[-128.3651,55.8808],[-128.3889,55.9009],[-128.382,55.9048],[-128.3835,55.9117],[-128.3982,55.9208],[-128.4295,55.9177],[-128.456,55.9272],[-128.447,55.9362],[-128.4522,55.9429],[-128.4812,55.9602],[-128.4574,55.969],[-128.4606,55.9794],[-128.4456,55.9803],[-128.4417,55.9934],[-128.4485,56.0011],[-128.4025,56.0113],[-128.3824,56.0047],[-128.3709,56.0247],[-128.4035,56.0436],[-128.4716,56.048],[-128.4926,56.0743],[-128.521,56.0811],[-128.5528,56.0763],[-128.55,56.06],[-128.5716,56.0562],[-128.6069,56.0319],[-128.6191,56.03],[-128.6162,56.0219],[-128.6384,56.0131],[-128.6303,56.0027],[-128.6517,55.9785],[-128.6444,55.9661],[-128.6613,55.9594],[-128.652,55.9478],[-128.6723,55.9421],[-128.6864,55.951],[-128.7142,55.9501],[-128.6972,55.9347],[-128.7045,55.9256],[-128.7105,55.93],[-128.71,55.9222],[-128.7279,55.9266],[-128.718,55.9142],[-128.7297,55.9064],[-128.7289,55.891],[-128.7095,55.8798],[-128.7171,55.8773]]],[[[-128.7298,55.9283],[-128.7251,55.9289],[-128.7104,55.9225],[-128.7138,55.9343],[-128.7298,55.9283]]]]}},{"type":"Feature","properties":{"name":"Takla Lake Ecological Reserve","des":"ECOLOGICAL RESERVE","cls":"park","ha":240},"geometry":{"type":"Polygon","coordinates":[[[-125.791,55.3193],[-125.8004,55.334],[-125.8213,55.3274],[-125.8136,55.3175],[-125.791,55.3193]]]}},{"type":"Feature","properties":{"name":"Tarahne Park","des":"PROVINCIAL PARK","cls":"park","ha":3},"geometry":{"type":"Polygon","coordinates":[[[-133.7067,59.5777],[-133.7056,59.5767],[-133.7017,59.5775],[-133.7067,59.5777]]]}},{"type":"Feature","properties":{"name":"Tatlatui Park","des":"PROVINCIAL PARK","cls":"park","ha":105829},"geometry":{"type":"Polygon","coordinates":[[[-127.5396,56.9033],[-127.6082,56.9094],[-127.616,56.9004],[-127.5743,56.8797],[-127.5602,56.8651],[-127.5598,56.8525],[-127.5876,56.8477],[-127.6075,56.8536],[-127.616,56.8484],[-127.5725,56.8235],[-127.5717,56.8124],[-127.5375,56.796],[-127.5406,56.7875],[-127.4992,56.7778],[-127.5,56.7881],[-127.4662,56.7933],[-127.4533,56.7835],[-127.4398,56.7833],[-127.4259,56.7958],[-127.4311,56.8005],[-127.427,56.8086],[-127.3724,56.8145],[-127.372,56.8234],[-127.3635,56.826],[-127.3346,56.8238],[-127.3315,56.8276],[-127.3398,56.8376],[-127.3371,56.8448],[-127.327,56.8473],[-127.3288,56.8565],[-127.2872,56.8578],[-127.2924,56.8685],[-127.2343,56.8686],[-127.2276,56.8771],[-127.2066,56.882],[-127.2051,56.8964],[-127.1866,56.904],[-127.1922,56.9145],[-127.1862,56.9225],[-127.1942,56.9355],[-127.1827,56.9431],[-127.1787,56.9693],[-127.1598,56.9759],[-127.1266,56.9678],[-127.1025,56.9832],[-127.1072,56.9942],[-127.102,57.0017],[-127.0666,57.0065],[-127.0523,57.0168],[-127.0617,57.0297],[-127.061,57.0419],[-127.0463,57.0474],[-127.0433,57.06],[-127.0082,57.0605],[-126.9984,57.0681],[-127.0258,57.1399],[-127.1177,57.1649],[-127.1489,57.1651],[-127.1697,57.1515],[-127.1656,57.1385],[-127.1957,57.1354],[-127.207,57.1177],[-127.1967,57.109],[-127.2057,57.1052],[-127.2079,57.0833],[-127.2142,57.0761],[-127.2263,57.076],[-127.2912,57.0908],[-127.3174,57.0876],[-127.3519,57.0978],[-127.4035,57.0815],[-127.4557,57.0932],[-127.4674,57.0881],[-127.4927,57.0898],[-127.5443,57.1246],[-127.5758,57.1313],[-127.5876,57.148],[-127.5848,57.1555],[-127.6639,57.1785],[-127.6611,57.1722],[-127.6757,57.1638],[-127.6922,57.1648],[-127.7199,57.151],[-127.7151,57.138],[-127.7309,57.1381],[-127.7385,57.1306],[-127.7293,57.1184],[-127.7369,57.1043],[-127.715,57.102],[-127.6754,57.0848],[-127.6716,57.0763],[-127.7029,57.0749],[-127.7042,57.0692],[-127.6959,57.0575],[-127.6613,57.0427],[-127.6607,57.0327],[-127.6779,57.0253],[-127.6805,57.0166],[-127.6925,57.0177],[-127.6982,57.0277],[-127.7252,57.0278],[-127.7282,57.0173],[-127.713,57.0131],[-127.7326,56.9985],[-127.7169,56.9901],[-127.6768,56.9891],[-127.6719,56.9973],[-127.6504,56.9897],[-127.6133,57.0014],[-127.5898,56.9999],[-127.576,56.9903],[-127.5768,56.9809],[-127.5998,56.9814],[-127.6028,56.9765],[-127.5688,56.964],[-127.5786,56.9578],[-127.577,56.949],[-127.5403,56.945],[-127.5403,56.9354],[-127.5607,56.9275],[-127.5396,56.9033]]]}},{"type":"Feature","properties":{"name":"Toad River Hot Springs Park","des":"PROVINCIAL PARK","cls":"park","ha":423},"geometry":{"type":"Polygon","coordinates":[[[-125.0803,58.9126],[-125.0659,58.9253],[-125.0604,58.9301],[-125.0873,58.9377],[-125.1049,58.9183],[-125.0803,58.9126]]]}},{"type":"Feature","properties":{"name":"Topley Landing Park","des":"PROVINCIAL PARK","cls":"park","ha":12},"geometry":{"type":"Polygon","coordinates":[[[-126.1446,54.8131],[-126.1407,54.8103],[-126.1415,54.8131],[-126.1446,54.8131]]]}},{"type":"Feature","properties":{"name":"Torkelsen Lake Ecological Reserve","des":"ECOLOGICAL RESERVE","cls":"park","ha":158},"geometry":{"type":"Polygon","coordinates":[[[-126.6599,55.1182],[-126.6509,55.1272],[-126.6488,55.135],[-126.6742,55.1219],[-126.6599,55.1182]]]}},{"type":"Feature","properties":{"name":"Tyhee Lake Park","des":"PROVINCIAL PARK","cls":"park","ha":39},"geometry":{"type":"MultiPolygon","coordinates":[[[[-127.0401,54.7027],[-127.0379,54.7097],[-127.0464,54.7097],[-127.0401,54.7027]]],[[[-127.0417,54.71],[-127.0458,54.7118],[-127.0465,54.71],[-127.0417,54.71]]]]}},{"type":"Feature","properties":{"name":"Tenh Dzetle Conservancy","des":"CONSERVANCY","cls":"conservancy","ha":3528},"geometry":{"type":"Polygon","coordinates":[[[-130.4449,57.7115],[-130.5148,57.7095],[-130.5143,57.6965],[-130.5561,57.6922],[-130.5561,57.6653],[-130.5126,57.6659],[-130.5121,57.652],[-130.4779,57.6524],[-130.4788,57.6737],[-130.402,57.68],[-130.402,57.6957],[-130.4332,57.6957],[-130.4449,57.7115]]]}},{"type":"Feature","properties":{"name":"Long Island Conservancy","des":"CONSERVANCY","cls":"conservancy","ha":850},"geometry":{"type":"Polygon","coordinates":[[[-126.1214,54.8808],[-126.1025,54.877],[-126.1144,54.8958],[-126.1512,54.9007],[-126.1616,54.8877],[-126.1575,54.8791],[-126.1643,54.8765],[-126.1527,54.8708],[-126.1214,54.8808]]]}},{"type":"Feature","properties":{"name":"Kts'Mkta'Ani/Union Lake Conservancy","des":"CONSERVANCY","cls":"conservancy","ha":6338},"geometry":{"type":"Polygon","coordinates":[[[-130.1509,54.5874],[-130.153,54.6008],[-130.1427,54.6102],[-130.1618,54.6243],[-130.1725,54.6237],[-130.1921,54.6347],[-130.2006,54.6491],[-130.2303,54.6485],[-130.2641,54.6772],[-130.2949,54.6624],[-130.2856,54.6539],[-130.2937,54.6388],[-130.2845,54.6301],[-130.2973,54.6118],[-130.2895,54.5977],[-130.2723,54.5919],[-130.2524,54.5977],[-130.226,54.5781],[-130.1509,54.5874]]]}},{"type":"Feature","properties":{"name":"Bear Island Conservancy","des":"CONSERVANCY","cls":"conservancy","ha":317},"geometry":{"type":"Polygon","coordinates":[[[-126.2269,54.921],[-126.2623,54.9271],[-126.2655,54.9348],[-126.2837,54.9394],[-126.2781,54.9303],[-126.2428,54.9127],[-126.2269,54.921]]]}},{"type":"Feature","properties":{"name":"North Spit Conservancy","des":"CONSERVANCY","cls":"conservancy","ha":19},"geometry":{"type":"Polygon","coordinates":[[[-126.5785,55.2529],[-126.5782,55.258],[-126.5837,55.2581],[-126.5839,55.2542],[-126.5785,55.2529]]]}},{"type":"Feature","properties":{"name":"Golden Gate/Xaat Yadi Aani Conservancy","des":"CONSERVANCY","cls":"conservancy","ha":5981},"geometry":{"type":"Polygon","coordinates":[[[-134.0893,59.6218],[-134.1789,59.6318],[-134.1989,59.6483],[-134.2081,59.6484],[-134.2074,59.6774],[-134.2799,59.6827],[-134.3435,59.6668],[-134.3349,59.6386],[-134.2819,59.625],[-134.2824,59.6051],[-134.2318,59.608],[-134.2311,59.6124],[-134.2052,59.6099],[-134.1731,59.6201],[-134.1475,59.614],[-134.0893,59.6218]],[[-134.2341,59.6424],[-134.2393,59.6406],[-134.2394,59.6414],[-134.2341,59.6424]]]}},{"type":"Feature","properties":{"name":"Khutzeymateen Inlet Conservancy","des":"CONSERVANCY","cls":"conservancy","ha":12947},"geometry":{"type":"Polygon","coordinates":[[[-130.0631,54.6372],[-130.0454,54.6265],[-130.0565,54.6202],[-130.0905,54.6189],[-130.1041,54.6265],[-130.1434,54.6317],[-130.1596,54.6204],[-130.1424,54.6094],[-130.153,54.6008],[-130.1516,54.5878],[-130.1076,54.605],[-130.0956,54.603],[-130.0995,54.5937],[-130.0736,54.5792],[-130.037,54.5853],[-130.0128,54.5791],[-129.9951,54.5865],[-129.9378,54.6313],[-129.9457,54.6386],[-129.985,54.642],[-130.012,54.6346],[-130.03,54.6376],[-130.0219,54.6624],[-130.0088,54.6644],[-130.0127,54.6702],[-130.0085,54.6832],[-130.0,54.688],[-130.0,54.7021],[-130.0498,54.6989],[-130.0652,54.7087],[-130.0775,54.7086],[-130.0867,54.718],[-130.122,54.7191],[-130.131,54.7279],[-130.1488,54.7288],[-130.1736,54.7506],[-130.2041,54.7426],[-130.2209,54.7275],[-130.2168,54.7149],[-130.2378,54.7113],[-130.2304,54.7023],[-130.2024,54.7126],[-130.2022,54.7074],[-130.146,54.6953],[-130.1392,54.7016],[-130.1281,54.6916],[-130.1366,54.6871],[-130.1138,54.6674],[-130.1114,54.6782],[-130.0919,54.6619],[-130.0832,54.6628],[-130.0752,54.65],[-130.0699,54.6516],[-130.058,54.6402],[-130.0631,54.6372]]]}},{"type":"Feature","properties":{"name":"Khutzeymateen Inlet West Conservancy","des":"CONSERVANCY","cls":"conservancy","ha":362},"geometry":{"type":"MultiPolygon","coordinates":[[[[-130.1138,54.6674],[-130.1031,54.6625],[-130.0919,54.6619],[-130.1114,54.6782],[-130.1138,54.6674]]],[[[-130.2022,54.7074],[-130.2024,54.7126],[-130.2161,54.7117],[-130.216,54.7073],[-130.2022,54.7074]]],[[[-130.146,54.6953],[-130.1366,54.6871],[-130.1281,54.6916],[-130.1392,54.7016],[-130.146,54.6953]]],[[[-130.0752,54.65],[-130.0631,54.6372],[-130.058,54.6402],[-130.0699,54.6516],[-130.0752,54.65]]],[[[-130.017,54.6383],[-130.03,54.6376],[-130.0206,54.6351],[-130.017,54.6383]]]]}},{"type":"Feature","properties":{"name":"Nakina-Inklin Rivers/Yawu Yaa Conservancy","des":"CONSERVANCY","cls":"conservancy","ha":167259},"geometry":{"type":"Polygon","coordinates":[[[-133.1237,58.8088],[-133.0164,58.8015],[-133.0154,58.7959],[-132.9753,58.7919],[-132.9407,58.7727],[-132.9578,58.7688],[-132.9552,58.7626],[-132.9126,58.7553],[-132.9156,58.7489],[-132.9009,58.7471],[-132.8938,58.7361],[-132.8592,58.7285],[-132.812,58.7062],[-132.8132,58.7018],[-132.7774,58.6969],[-132.7615,58.7067],[-132.7801,58.7404],[-132.7305,58.7524],[-132.6844,58.8004],[-132.6132,58.8584],[-132.4928,58.932],[-132.4996,58.9541],[-132.4875,58.9674],[-132.3533,59.083],[-132.3823,59.0818],[-132.4007,59.092],[-132.483,59.0822],[-132.5165,59.0851],[-132.637,59.0509],[-132.6416,59.0333],[-132.6566,59.0313],[-132.6538,59.0215],[-132.6208,59.0173],[-132.6403,59.0053],[-132.6382,58.9903],[-132.6487,58.9725],[-132.6762,58.9742],[-132.6975,58.9852],[-132.7191,58.9749],[-132.7541,58.9793],[-132.77,58.9686],[-132.8081,58.9762],[-132.8884,58.9738],[-132.898,58.9888],[-132.9775,58.9876],[-132.9856,58.9973],[-132.9839,59.0154],[-132.9538,59.07],[-132.9171,59.0879],[-132.8352,59.1083],[-132.8024,59.1406],[-132.7651,59.142],[-132.7442,59.1545],[-132.7262,59.1515],[-132.7234,59.1586],[-132.7448,59.1655],[-132.7358,59.1694],[-132.7422,59.1759],[-132.7367,59.1802],[-132.8361,59.2175],[-132.8867,59.2047],[-132.9987,59.2492],[-132.9784,59.2794],[-132.9362,59.2935],[-132.9388,59.3256],[-133.0513,59.347],[-133.066,59.3878],[-133.1138,59.3696],[-133.1616,59.3629],[-133.1936,59.3435],[-133.2596,59.3449],[-133.2815,59.3331],[-133.237,59.3004],[-133.2383,59.2899],[-133.1718,59.2655],[-133.1547,59.2455],[-133.1266,59.1789],[-133.1342,59.1503],[-133.1505,59.1493],[-133.1876,59.1151],[-133.1786,59.0968],[-133.2233,59.0751],[-133.1929,59.0616],[-133.2083,59.0411],[-133.2422,59.0458],[-133.2644,59.0404],[-133.2657,59.0145],[-133.2958,58.9786],[-133.3139,58.9738],[-133.3443,58.9475],[-133.3494,58.9296],[-133.4007,58.9097],[-133.3392,58.9139],[-133.3061,58.9001],[-133.2646,58.8987],[-133.2178,58.9139],[-133.1712,58.9097],[-133.1388,58.8889],[-133.0909,58.8873],[-133.0754,58.8718],[-133.06,58.8686],[-133.0563,58.8555],[-133.0439,58.8468],[-133.0458,58.8303],[-133.052,58.8282],[-133.1157,58.8334],[-133.1303,58.8292],[-133.1123,58.8242],[-133.1214,58.8161],[-133.1154,58.8114],[-133.1237,58.8088]],[[-132.9875,59.1197],[-132.9951,59.1187],[-133.0016,59.1147],[-133.0016,59.1197],[-132.9875,59.1197]]]}},{"type":"Feature","properties":{"name":"Taku River/T'Aku Teix' Conservancy","des":"CONSERVANCY","cls":"conservancy","ha":80465},"geometry":{"type":"Polygon","coordinates":[[[-133.1712,58.9097],[-133.2178,58.9139],[-133.2646,58.8987],[-133.3061,58.9001],[-133.3394,58.9139],[-133.413,58.9068],[-133.3971,58.8963],[-133.3965,58.8892],[-133.3648,58.876],[-133.3954,58.854],[-133.4289,58.8484],[-133.4346,58.834],[-133.4694,58.8252],[-133.4635,58.8058],[-133.471,58.7993],[-133.4501,58.787],[-133.4519,58.7765],[-133.4431,58.7701],[-133.4585,58.7606],[-133.4949,58.7567],[-133.5045,58.7481],[-133.4983,58.7389],[-133.4597,58.7217],[-133.463,58.7097],[-133.4528,58.6982],[-133.4924,58.6855],[-133.498,58.6789],[-133.4893,58.6789],[-133.5135,58.6646],[-133.5206,58.633],[-133.5474,58.633],[-133.5549,58.6271],[-133.5956,58.6331],[-133.5959,58.6404],[-133.6724,58.6412],[-133.6729,58.6252],[-133.6907,58.6121],[-133.707,58.6123],[-133.5564,58.5224],[-133.512,58.5218],[-133.466,58.5434],[-133.4302,58.536],[-133.41,58.5415],[-133.4352,58.5634],[-133.4171,58.5861],[-133.3721,58.6103],[-133.377,58.6206],[-133.3422,58.6405],[-133.3281,58.6427],[-133.3194,58.6355],[-133.2919,58.6326],[-133.2844,58.6464],[-133.2479,58.6662],[-133.2612,58.6722],[-133.235,58.6741],[-133.2356,58.6811],[-133.2162,58.6867],[-133.2384,58.7021],[-133.2433,58.7131],[-133.224,58.7267],[-133.1811,58.727],[-133.1749,58.7342],[-133.1294,58.7285],[-133.1147,58.7418],[-133.0648,58.7374],[-133.0492,58.745],[-133.0327,58.7395],[-133.0343,58.7109],[-132.9934,58.706],[-132.9862,58.7115],[-132.9608,58.6919],[-132.9518,58.6918],[-132.9518,58.7081],[-132.8581,58.7081],[-132.8581,58.6902],[-132.8496,58.7017],[-132.8273,58.6968],[-132.8086,58.7012],[-132.8592,58.7285],[-132.8938,58.7361],[-132.9009,58.7471],[-132.9156,58.7489],[-132.9126,58.7553],[-132.9552,58.7626],[-132.9578,58.7688],[-132.9407,58.7727],[-132.9753,58.7919],[-133.0154,58.7959],[-133.0164,58.8015],[-133.1031,58.8026],[-133.1237,58.8088],[-133.1154,58.8114],[-133.1214,58.8161],[-133.1123,58.8242],[-133.1304,58.8287],[-133.1266,58.8314],[-133.052,58.8282],[-133.0458,58.8303],[-133.0439,58.8468],[-133.0563,58.8555],[-133.06,58.8686],[-133.0754,58.8718],[-133.0909,58.8873],[-133.1388,58.8889],[-133.1712,58.9097]],[[-133.3156,58.7724],[-133.3097,58.7768],[-133.3055,58.7753],[-133.3114,58.7708],[-133.3156,58.7724]]]}},{"type":"Feature","properties":{"name":"Khyex Conservancy","des":"CONSERVANCY","cls":"conservancy","ha":41404},"geometry":{"type":"Polygon","coordinates":[[[-129.6901,54.519],[-129.7626,54.5174],[-129.7658,54.5249],[-129.7762,54.5278],[-129.7943,54.5236],[-129.7921,54.5171],[-129.8027,54.5044],[-129.7904,54.4941],[-129.7907,54.4852],[-129.8074,54.4783],[-129.858,54.4754],[-129.8739,54.4496],[-129.8854,54.4442],[-129.9021,54.4472],[-129.911,54.4278],[-129.8975,54.4181],[-129.8989,54.4099],[-129.8927,54.4042],[-129.9192,54.3901],[-129.9489,54.3872],[-129.9504,54.3787],[-129.8988,54.3592],[-129.9156,54.33],[-129.8659,54.3282],[-129.8641,54.3206],[-129.8721,54.3103],[-129.8456,54.3055],[-129.835,54.2902],[-129.7855,54.2782],[-129.7949,54.2626],[-129.7823,54.2458],[-129.7527,54.2372],[-129.6808,54.2351],[-129.6626,54.244],[-129.6506,54.264],[-129.6219,54.2753],[-129.6089,54.2887],[-129.619,54.3014],[-129.6095,54.3101],[-129.6179,54.3249],[-129.6324,54.3319],[-129.6131,54.3418],[-129.6351,54.364],[-129.6307,54.3731],[-129.6355,54.3797],[-129.6614,54.3903],[-129.6587,54.4013],[-129.6893,54.4142],[-129.6866,54.4373],[-129.7054,54.4497],[-129.6968,54.4551],[-129.6976,54.466],[-129.6848,54.4713],[-129.6847,54.4824],[-129.6968,54.4842],[-129.6964,54.4889],[-129.6785,54.5098],[-129.6901,54.519]],[[-129.7866,54.2694],[-129.7885,54.2712],[-129.7866,54.2712],[-129.7866,54.2694]],[[-129.7538,54.2915],[-129.7558,54.2933],[-129.7538,54.2933],[-129.7538,54.2915]],[[-129.785,54.3506],[-129.7859,54.3554],[-129.786,54.3561],[-129.787,54.3566],[-129.785,54.3566],[-129.785,54.3506]],[[-129.7863,54.3559],[-129.7912,54.3554],[-129.793,54.3566],[-129.7863,54.3559]]]}},{"type":"Feature","properties":{"name":"Nakina-Inklin Rivers (Kuthai Area)/Yawu Yaa Conser","des":"CONSERVANCY","cls":"conservancy","ha":26047},"geometry":{"type":"Polygon","coordinates":[[[-133.3557,59.2327],[-133.3428,59.2138],[-133.3161,59.1987],[-133.2857,59.1945],[-133.28,59.1869],[-133.258,59.1812],[-133.2593,59.1724],[-133.2503,59.161],[-133.2625,59.1583],[-133.2661,59.1455],[-133.2863,59.1457],[-133.2687,59.1325],[-133.2857,59.1155],[-133.2776,59.1051],[-133.2823,59.0945],[-133.2696,59.0897],[-133.2678,59.0829],[-133.2706,59.0415],[-133.2422,59.0458],[-133.2083,59.0411],[-133.1929,59.0616],[-133.2233,59.0751],[-133.1786,59.0968],[-133.1876,59.1151],[-133.1505,59.1493],[-133.1342,59.1503],[-133.1266,59.1789],[-133.1547,59.2455],[-133.1718,59.2655],[-133.2383,59.2899],[-133.237,59.3004],[-133.2846,59.3354],[-133.3601,59.3197],[-133.4407,59.3169],[-133.4609,59.3254],[-133.4835,59.3258],[-133.4508,59.2992],[-133.4261,59.2964],[-133.3999,59.2691],[-133.3755,59.268],[-133.3521,59.2461],[-133.3481,59.2381],[-133.3557,59.2327]],[[-133.24,59.229],[-133.2322,59.2302],[-133.2335,59.2363],[-133.2194,59.2363],[-133.2194,59.229],[-133.24,59.229]]]}},{"type":"Feature","properties":{"name":"Ne'Āh' Conservancy","des":"CONSERVANCY","cls":"conservancy","ha":233304},"geometry":{"type":"Polygon","coordinates":[[[-129.0408,59.6686],[-129.0944,59.6625],[-129.1378,59.6459],[-129.1596,59.6497],[-129.2061,59.6436],[-129.2146,59.6354],[-129.2099,59.62],[-129.2221,59.6261],[-129.2399,59.6224],[-129.2093,59.5978],[-129.219,59.5897],[-129.2143,59.578],[-129.1864,59.5705],[-129.1618,59.5526],[-129.1219,59.5555],[-129.1237,59.539],[-129.1161,59.523],[-129.1369,59.5173],[-129.0948,59.5092],[-129.0844,59.4863],[-129.0578,59.4755],[-129.0645,59.472],[-129.0533,59.4578],[-129.1062,59.4361],[-129.0947,59.4295],[-129.0985,59.4224],[-129.086,59.4242],[-129.068,59.4194],[-129.0639,59.4115],[-129.0314,59.4087],[-129.0393,59.3969],[-129.0192,59.3859],[-129.0299,59.3768],[-129.0141,59.3608],[-129.0227,59.3519],[-129.0285,59.326],[-129.0219,59.3022],[-128.9815,59.2871],[-128.9783,59.2765],[-128.961,59.2734],[-128.9446,59.2562],[-128.9485,59.2448],[-128.9258,59.2393],[-128.9091,59.2209],[-128.7469,59.1697],[-128.766,59.1485],[-128.7168,59.101],[-128.5918,59.1056],[-128.4159,59.0143],[-128.3738,58.9838],[-128.3672,58.9633],[-128.3312,58.9287],[-128.2869,58.9352],[-128.2869,58.9497],[-128.2519,58.9497],[-128.2309,58.9424],[-128.2309,58.928],[-128.2519,58.9352],[-128.2869,58.9352],[-128.2649,58.9331],[-128.2508,58.9247],[-128.2163,58.9228],[-128.206,58.9509],[-128.1774,58.9682],[-128.2157,58.9942],[-128.2426,58.9968],[-128.2383,59.004],[-128.247,59.0088],[-128.2419,59.0104],[-128.2459,59.0249],[-128.231,59.0422],[-128.2111,59.047],[-128.2121,59.0613],[-128.179,59.0784],[-128.1825,59.0849],[-128.207,59.0931],[-128.2271,59.0843],[-128.2357,59.0909],[-128.266,59.0867],[-128.2652,59.1012],[-128.2761,59.1115],[-128.2633,59.1263],[-128.2481,59.1323],[-128.255,59.143],[-128.2475,59.1487],[-128.2781,59.1581],[-128.2848,59.1696],[-128.3018,59.1674],[-128.3226,59.175],[-128.3442,59.1981],[-128.3317,59.214],[-128.3172,59.2197],[-128.3394,59.2264],[-128.3426,59.2209],[-128.3628,59.2227],[-128.3683,59.2385],[-128.3348,59.2595],[-128.2949,59.2703],[-128.2911,59.2831],[-128.3013,59.2935],[-128.2989,59.3007],[-128.221,59.3214],[-128.2285,59.3327],[-128.2235,59.3408],[-128.2347,59.3397],[-128.2417,59.3525],[-128.2213,59.3718],[-128.2021,59.4152],[-128.2465,59.4414],[-128.2601,59.4417],[-128.2662,59.4351],[-128.2849,59.4491],[-128.3055,59.444],[-128.3184,59.4516],[-128.3346,59.4491],[-128.3626,59.4677],[-128.3575,59.4721],[-128.3612,59.4816],[-128.436,59.5166],[-128.4477,59.5301],[-128.5342,59.5562],[-128.5678,59.5333],[-128.6541,59.5444],[-128.6585,59.5068],[-128.7865,59.5553],[-128.7638,59.5713],[-128.7864,59.5854],[-128.8553,59.5891],[-128.8622,59.6137],[-128.9002,59.6104],[-128.9236,59.6191],[-128.9364,59.641],[-129.0408,59.6686]],[[-129.0757,59.5251],[-129.0473,59.5251],[-129.0473,59.5107],[-129.0757,59.5107],[-129.0757,59.5251]]]}},{"type":"Feature","properties":{"name":"Larcom Lagoon Conservancy","des":"CONSERVANCY","cls":"conservancy","ha":311},"geometry":{"type":"Polygon","coordinates":[[[-129.7466,55.401],[-129.7551,55.3858],[-129.7276,55.3992],[-129.7343,55.4139],[-129.7488,55.4084],[-129.7466,55.401]]]}},{"type":"Feature","properties":{"name":"Port Arthur Conservancy","des":"CONSERVANCY","cls":"conservancy","ha":342},"geometry":{"type":"Polygon","coordinates":[[[-126.0476,54.7473],[-126.0516,54.7572],[-126.0662,54.7605],[-126.0797,54.7532],[-126.0831,54.7424],[-126.0476,54.7473]]]}},{"type":"Feature","properties":{"name":"Sand Point Conservancy","des":"CONSERVANCY","cls":"conservancy","ha":11},"geometry":{"type":"Polygon","coordinates":[[[-125.9746,54.7114],[-125.9689,54.7143],[-125.9757,54.7128],[-125.9746,54.7114]]]}},{"type":"Feature","properties":{"name":"Sanctuary Bay Conservancy","des":"CONSERVANCY","cls":"conservancy","ha":820},"geometry":{"type":"Polygon","coordinates":[[[-126.3063,55.0462],[-126.2517,55.0262],[-126.2329,55.0332],[-126.2329,55.0416],[-126.2517,55.0457],[-126.2581,55.0546],[-126.2813,55.0574],[-126.3063,55.0462]]]}},{"type":"Feature","properties":{"name":"Upper Gladys River/Watsix Deiyi Conservancy","des":"CONSERVANCY","cls":"conservancy","ha":56358},"geometry":{"type":"Polygon","coordinates":[[[-132.5994,59.6252],[-132.5669,59.6359],[-132.5732,59.6441],[-132.5622,59.6605],[-132.5714,59.6668],[-132.5659,59.6717],[-132.5721,59.6814],[-132.534,59.6862],[-132.5673,59.7099],[-132.5711,59.7203],[-132.56,59.7274],[-132.5606,59.7394],[-132.5774,59.7474],[-132.5762,59.7633],[-132.5903,59.7733],[-132.5664,59.7932],[-132.5455,59.7984],[-132.6167,59.8237],[-132.6387,59.8115],[-132.7076,59.8092],[-132.7166,59.8146],[-132.7361,59.8094],[-132.7213,59.8006],[-132.7236,59.7946],[-132.7134,59.7902],[-132.7128,59.783],[-132.7358,59.7717],[-132.7568,59.7738],[-132.8168,59.6634],[-132.8686,59.635],[-132.9065,59.5889],[-132.9291,59.5448],[-132.936,59.5165],[-133.0203,59.4662],[-132.9933,59.4528],[-132.9967,59.4461],[-133.0756,59.4152],[-133.0513,59.347],[-132.9388,59.3256],[-132.8837,59.352],[-132.8707,59.3873],[-132.8864,59.4043],[-132.8581,59.4432],[-132.8179,59.4707],[-132.8211,59.4877],[-132.8305,59.4985],[-132.8263,59.5047],[-132.8074,59.5137],[-132.7426,59.5848],[-132.6943,59.6028],[-132.688,59.6165],[-132.6632,59.6302],[-132.6388,59.627],[-132.6165,59.6349],[-132.5994,59.6252]]]}},{"type":"Feature","properties":{"name":"Hanna-Tintina Conservancy","des":"CONSERVANCY","cls":"conservancy","ha":23702},"geometry":{"type":"MultiPolygon","coordinates":[[[[-129.3329,56.257],[-129.3433,56.2682],[-129.3504,56.2511],[-129.3486,56.2345],[-129.281,56.1192],[-129.2821,56.1001],[-129.2846,56.0992],[-129.2979,56.0999],[-129.3039,56.0904],[-129.3017,56.0891],[-129.2806,56.0848],[-129.2768,56.0831],[-129.2617,56.0574],[-129.2388,56.0568],[-129.2263,56.053],[-129.2143,56.0548],[-129.2143,56.05],[-129.1932,56.0523],[-129.1799,56.049],[-129.1793,56.0518],[-129.1854,56.0579],[-129.1862,56.0615],[-129.1963,56.0668],[-129.2025,56.077],[-129.2082,56.0934],[-129.2029,56.1117],[-129.2169,56.1215],[-129.2134,56.1261],[-129.228,56.144],[-129.2471,56.1813],[-129.2175,56.1985],[-129.2312,56.2176],[-129.2167,56.2396],[-129.2252,56.2484],[-129.2522,56.2503],[-129.2872,56.2667],[-129.3037,56.2644],[-129.3058,56.2569],[-129.3329,56.257]]],[[[-129.1608,56.0328],[-129.1534,56.0335],[-129.1617,56.0342],[-129.1608,56.0328]]],[[[-129.1847,56.0495],[-129.2143,56.0495],[-129.2145,56.0429],[-129.2029,56.0394],[-129.2063,56.0461],[-129.2014,56.0474],[-129.1846,56.0425],[-129.1835,56.0344],[-129.1612,56.0328],[-129.1847,56.0495]]],[[[-129.2389,56.0548],[-129.2435,56.0565],[-129.258,56.0563],[-129.2535,56.0546],[-129.2495,56.0561],[-129.2389,56.0548]]],[[[-129.177,56.0566],[-129.1825,56.076],[-129.1861,56.07],[-129.1843,56.0675],[-129.1854,56.0654],[-129.182,56.062],[-129.1817,56.0607],[-129.1858,56.0608],[-129.1846,56.0576],[-129.1787,56.0517],[-129.177,56.0566]]],[[[-129.264,56.0577],[-129.2821,56.0846],[-129.2824,56.0768],[-129.2992,56.077],[-129.2726,56.0572],[-129.2541,56.0519],[-129.2265,56.0504],[-129.2367,56.0559],[-129.2372,56.0536],[-129.2505,56.0533],[-129.264,56.0577]]],[[[-129.1823,56.0614],[-129.1858,56.0654],[-129.1866,56.0701],[-129.1827,56.0764],[-129.1957,56.0915],[-129.1957,56.104],[-129.2011,56.104],[-129.2078,56.0938],[-129.202,56.0771],[-129.1955,56.0667],[-129.1823,56.0614]]],[[[-129.2846,56.0998],[-129.2841,56.1042],[-129.2865,56.1016],[-129.2911,56.1],[-129.2846,56.0998]]],[[[-129.2092,56.1243],[-129.2227,56.1401],[-129.213,56.1262],[-129.2164,56.1216],[-129.2086,56.1199],[-129.202,56.1109],[-129.1973,56.1307],[-129.2092,56.1243]]],[[[-129.3721,56.2778],[-129.3775,56.2659],[-129.3919,56.2738],[-129.3994,56.2667],[-129.4133,56.275],[-129.4267,56.2747],[-129.4543,56.2626],[-129.4589,56.2525],[-129.45,56.2283],[-129.4363,56.2242],[-129.4138,56.1973],[-129.403,56.1571],[-129.4128,56.1518],[-129.3909,56.1402],[-129.352,56.1373],[-129.352,56.1294],[-129.3379,56.1287],[-129.2979,56.1005],[-129.288,56.1016],[-129.2821,56.1195],[-129.3496,56.2345],[-129.3513,56.2511],[-129.3442,56.2684],[-129.3721,56.2778]]]]}},{"type":"Feature","properties":{"name":"Duu Guusd Conservancy","des":"CONSERVANCY","cls":"conservancy","ha":229107},"geometry":{"type":"MultiPolygon","coordinates":[[[[-132.9499,54.2804],[-133.1163,54.2806],[-133.1151,54.1214],[-133.1891,54.0328],[-133.3162,53.9448],[-133.0491,53.6743],[-133.0141,53.6519],[-133.0303,53.5335],[-132.9945,53.5109],[-132.944,53.5142],[-132.8512,53.4081],[-132.5131,53.3793],[-132.5059,53.3925],[-132.5152,53.3946],[-132.5159,53.4024],[-132.5212,53.4042],[-132.5259,53.4081],[-132.5258,53.4093],[-132.5221,53.4145],[-132.5495,53.4161],[-132.5515,53.423],[-132.5535,53.4231],[-132.5582,53.4213],[-132.5629,53.4207],[-132.5712,53.4206],[-132.5744,53.4211],[-132.577,53.4221],[-132.5787,53.4237],[-132.578,53.4257],[-132.5797,53.4259],[-132.5791,53.4335],[-132.6007,53.4364],[-132.6025,53.449],[-132.6293,53.4654],[-132.645,53.457],[-132.658,53.4604],[-132.67,53.4768],[-132.6701,53.4992],[-132.6751,53.498],[-132.672,53.4855],[-132.6798,53.4965],[-132.6962,53.4914],[-132.705,53.4962],[-132.7035,53.5193],[-132.6813,53.5371],[-132.6779,53.5516],[-132.6603,53.5601],[-132.6846,53.5769],[-132.6873,53.5864],[-132.6721,53.6029],[-132.6877,53.6184],[-132.6966,53.615],[-132.6979,53.6195],[-132.7406,53.6225],[-132.7347,53.6303],[-132.7429,53.6385],[-132.7335,53.6477],[-132.7611,53.6503],[-132.7752,53.6696],[-132.7621,53.6924],[-132.7763,53.7034],[-132.744,53.7162],[-132.7555,53.7464],[-132.8116,53.7466],[-132.8033,53.766],[-132.8339,53.7784],[-132.8373,53.7823],[-132.8283,53.7937],[-132.8547,53.8027],[-132.8585,53.8147],[-132.8913,53.8049],[-132.9011,53.8077],[-132.9061,53.8222],[-132.8849,53.8395],[-132.8862,53.8487],[-132.8984,53.8515],[-132.9114,53.8709],[-132.925,53.8767],[-132.8918,53.9004],[-132.9058,53.9112],[-132.9064,53.9205],[-132.8732,53.934],[-132.8459,53.9308],[-132.7927,53.9694],[-132.7442,53.9855],[-132.7342,54.0045],[-132.7048,54.0047],[-132.691,54.0109],[-132.6571,54.0078],[-132.6536,54.0002],[-132.6013,54.0029],[-132.575,54.0274],[-132.5741,54.0418],[-132.5456,54.0567],[-132.5449,54.068],[-132.5176,54.1053],[-132.6398,54.1595],[-132.7137,54.1762],[-132.8448,54.176],[-132.9088,54.201],[-132.9499,54.2804]],[[-133.0032,54.1893],[-133.0034,54.1901],[-133.0026,54.1898],[-133.0032,54.1893]],[[-132.9915,54.1889],[-132.9928,54.1883],[-132.9929,54.1886],[-132.9915,54.1889]],[[-133.0486,54.172],[-133.0462,54.1717],[-133.0461,54.171],[-133.0486,54.172]],[[-133.0782,53.7711],[-133.0827,53.7722],[-133.0782,53.7722],[-133.0782,53.7711]],[[-132.9891,54.1889],[-132.9832,54.1871],[-132.9896,54.1868],[-132.9891,54.1889]],[[-132.7984,54.1262],[-132.8016,54.1297],[-132.7985,54.1298],[-132.7984,54.1262]],[[-132.5765,54.0815],[-132.5782,54.0846],[-132.5724,54.0847],[-132.5765,54.0815]],[[-132.9762,54.2303],[-132.9717,54.2339],[-132.9721,54.2303],[-132.9762,54.2303]],[[-132.6481,54.0027],[-132.6511,54.0051],[-132.6433,54.005],[-132.6481,54.0027]],[[-132.9912,54.2163],[-132.987,54.22],[-132.9866,54.2164],[-132.9912,54.2163]],[[-132.9942,53.6029],[-132.9942,53.597],[-132.9987,53.6015],[-132.9942,53.6029]],[[-132.6635,54.1432],[-132.6575,54.1469],[-132.6501,54.1434],[-132.6635,54.1432]],[[-133.0071,54.1895],[-133.007,54.1948],[-133.001,54.1948],[-133.0014,54.1907],[-133.0071,54.1895]],[[-133.0399,54.2209],[-133.0311,54.2172],[-133.0417,54.2181],[-133.0399,54.2209]],[[-132.5788,54.0518],[-132.5673,54.0518],[-132.569,54.0468],[-132.5788,54.0518]],[[-133.0288,54.1753],[-133.0255,54.1833],[-133.0165,54.1754],[-133.0288,54.1753]],[[-133.06,54.2562],[-133.045,54.2543],[-133.0628,54.2508],[-133.06,54.2562]],[[-133.1276,53.9411],[-133.1153,53.9411],[-133.1153,53.9339],[-133.1276,53.9349],[-133.1276,53.9411]],[[-133.005,53.5473],[-132.9557,53.5357],[-132.9539,53.5264],[-132.9833,53.5225],[-132.99,53.5284],[-132.9857,53.5363],[-133.013,53.5442],[-133.005,53.5473]],[[-132.7802,53.6261],[-132.7667,53.6196],[-132.7432,53.6225],[-132.7465,53.6137],[-132.7417,53.6074],[-132.7562,53.5966],[-132.7537,53.585],[-132.7768,53.5751],[-132.7971,53.579],[-132.8305,53.5608],[-132.8461,53.5623],[-132.8569,53.5506],[-132.91,53.5654],[-132.9449,53.5602],[-132.955,53.5533],[-132.9866,53.5582],[-132.9907,53.5616],[-132.9699,53.5655],[-132.9691,53.5704],[-133.0049,53.5898],[-132.9976,53.5965],[-132.9813,53.5936],[-132.9727,53.6041],[-132.9469,53.6121],[-132.879,53.6088],[-132.8266,53.6233],[-132.7802,53.6261]]],[[[-132.5066,53.3962],[-132.5125,53.3951],[-132.5059,53.3928],[-132.5066,53.3962]]],[[[-132.5138,53.3971],[-132.5153,53.4016],[-132.5149,53.3965],[-132.5138,53.3971]]],[[[-132.5162,53.4044],[-132.5174,53.4036],[-132.5156,53.4027],[-132.5162,53.4044]]],[[[-132.5185,53.4078],[-132.5183,53.4079],[-132.5186,53.4081],[-132.5185,53.4078]]],[[[-132.5178,53.4038],[-132.5238,53.4108],[-132.5256,53.4087],[-132.5178,53.4038]]],[[[-132.5235,53.4209],[-132.5479,53.4199],[-132.5493,53.4164],[-132.522,53.4147],[-132.5235,53.4209]]],[[[-132.5552,53.429],[-132.574,53.4324],[-132.5783,53.4238],[-132.5519,53.4233],[-132.5552,53.429]]],[[[-132.5753,53.4327],[-132.5745,53.4323],[-132.5744,53.4325],[-132.5753,53.4327]]],[[[-132.5776,53.4302],[-132.5758,53.4328],[-132.578,53.4333],[-132.5776,53.4302]]]]}},{"type":"Feature","properties":{"name":"Ksi Xts'At'Kw/Stagoo Conservancy","des":"CONSERVANCY","cls":"conservancy","ha":11647},"geometry":{"type":"Polygon","coordinates":[[[-129.728,55.2703],[-129.743,55.2946],[-129.7559,55.3003],[-129.7606,55.2969],[-129.7568,55.2859],[-129.776,55.2675],[-129.7599,55.2389],[-129.7693,55.2339],[-129.7692,55.2176],[-129.7886,55.2035],[-129.791,55.1917],[-129.7719,55.1753],[-129.7417,55.1799],[-129.7343,55.1915],[-129.7064,55.2047],[-129.6654,55.2044],[-129.6464,55.2126],[-129.6482,55.2199],[-129.622,55.2174],[-129.5706,55.229],[-129.5286,55.2209],[-129.5341,55.2248],[-129.5311,55.2345],[-129.5088,55.2482],[-129.5,55.2613],[-129.4836,55.267],[-129.6249,55.2643],[-129.6639,55.2727],[-129.728,55.2703]]]}},{"type":"Feature","properties":{"name":"Lucy Islands Conservancy","des":"CONSERVANCY","cls":"conservancy","ha":338},"geometry":{"type":"Polygon","coordinates":[[[-130.6089,54.2897],[-130.6024,54.2956],[-130.6224,54.3046],[-130.6462,54.2939],[-130.6334,54.2878],[-130.6089,54.2897]]]}},{"type":"Feature","properties":{"name":"Lax Kwaxl/Dundas And Melville Islands Conservancy","des":"CONSERVANCY","cls":"conservancy","ha":33082},"geometry":{"type":"MultiPolygon","coordinates":[[[[-130.8905,54.6337],[-130.9456,54.6209],[-130.9399,54.6022],[-130.9572,54.5932],[-130.9417,54.5869],[-130.9537,54.5876],[-130.9567,54.5772],[-130.964,54.5751],[-130.9609,54.5686],[-130.9538,54.5724],[-130.9492,54.5711],[-130.9738,54.5545],[-130.9832,54.5369],[-130.9768,54.5291],[-130.9857,54.5245],[-130.9836,54.5182],[-130.9714,54.5164],[-130.9827,54.5167],[-130.9863,54.5067],[-130.9847,54.4978],[-130.9744,54.4939],[-130.9795,54.4779],[-130.9671,54.4574],[-130.9758,54.4455],[-130.9629,54.4462],[-130.9615,54.454],[-130.9657,54.458],[-130.9486,54.4562],[-130.9147,54.4751],[-130.8952,54.4979],[-130.8724,54.4931],[-130.8147,54.5348],[-130.7733,54.5503],[-130.756,54.5692],[-130.7518,54.5956],[-130.7464,54.5992],[-130.7611,54.6207],[-130.7562,54.6246],[-130.7621,54.621],[-130.7824,54.628],[-130.8279,54.6082],[-130.844,54.6145],[-130.8517,54.6314],[-130.8644,54.6322],[-130.8769,54.6195],[-130.8905,54.6337]],[[-130.8997,54.5832],[-130.8986,54.585],[-130.8981,54.5832],[-130.8997,54.5832]],[[-130.9659,54.4535],[-130.9675,54.4555],[-130.9645,54.4536],[-130.9659,54.4535]],[[-130.8907,54.5047],[-130.8894,54.5059],[-130.8894,54.5044],[-130.8907,54.5047]],[[-130.9449,54.4692],[-130.9472,54.4681],[-130.948,54.4692],[-130.9449,54.4692]],[[-130.9371,54.5979],[-130.9383,54.5968],[-130.94,54.5976],[-130.9371,54.5979]],[[-130.8401,54.6002],[-130.8382,54.5983],[-130.8401,54.5983],[-130.8401,54.6002]],[[-130.9673,54.511],[-130.97,54.511],[-130.9669,54.5128],[-130.9673,54.511]],[[-130.9701,54.5525],[-130.9654,54.5545],[-130.9647,54.5523],[-130.9701,54.5525]]],[[[-130.7802,54.3522],[-130.7883,54.352],[-130.7905,54.3498],[-130.7765,54.3432],[-130.7802,54.3522]]],[[[-130.8325,54.4087],[-130.8424,54.4142],[-130.8455,54.4118],[-130.8325,54.4087]]],[[[-130.9128,54.4123],[-130.9067,54.4161],[-130.9153,54.4167],[-130.9128,54.4123]]],[[[-130.9452,54.4131],[-130.9413,54.417],[-130.9471,54.4168],[-130.9452,54.4131]]],[[[-130.8301,54.4199],[-130.8209,54.4185],[-130.8207,54.4211],[-130.8301,54.4199]]],[[[-130.8448,54.4221],[-130.8535,54.4204],[-130.8541,54.4128],[-130.8416,54.4164],[-130.8448,54.4221]]],[[[-130.9029,54.4217],[-130.9096,54.4216],[-130.9115,54.4196],[-130.9038,54.4167],[-130.9029,54.4217]]],[[[-130.8136,54.4241],[-130.8034,54.4238],[-130.8038,54.4262],[-130.8136,54.4241]]],[[[-130.9296,54.4222],[-130.9407,54.4226],[-130.9276,54.4139],[-130.9334,54.4115],[-130.9293,54.4021],[-130.9109,54.4037],[-130.9296,54.4222]]],[[[-130.7173,54.4385],[-130.7262,54.4327],[-130.7104,54.4268],[-130.7109,54.4188],[-130.7011,54.4083],[-130.6879,54.4106],[-130.6877,54.4184],[-130.7049,54.4285],[-130.7027,54.4348],[-130.7173,54.4385]]],[[[-130.886,54.4416],[-130.9011,54.4409],[-130.8986,54.4291],[-130.9049,54.4264],[-130.8797,54.4246],[-130.877,54.4289],[-130.8866,54.4336],[-130.886,54.4416]]],[[[-130.987,54.4512],[-130.9935,54.4516],[-130.9936,54.4441],[-130.9848,54.4353],[-130.987,54.4512]]],[[[-131.002,54.4524],[-130.9953,54.4495],[-130.9948,54.4517],[-131.002,54.4524]]],[[[-130.8848,54.4507],[-130.8777,54.4538],[-130.8848,54.4543],[-130.8848,54.4507]]],[[[-130.8515,54.4685],[-130.8659,54.475],[-130.8725,54.4604],[-130.8515,54.4685]]],[[[-130.9784,54.4605],[-130.9868,54.4746],[-130.9964,54.4711],[-130.9935,54.469],[-130.9896,54.4716],[-130.9861,54.4701],[-130.9912,54.4671],[-130.9784,54.4605]]],[[[-130.7381,54.4774],[-130.7324,54.4796],[-130.7382,54.4794],[-130.7381,54.4774]]],[[[-130.8331,54.5026],[-130.8423,54.5012],[-130.8533,54.4881],[-130.8377,54.4825],[-130.8229,54.4919],[-130.8331,54.5026]]],[[[-130.7628,54.5081],[-130.7765,54.5027],[-130.778,54.4917],[-130.7808,54.4977],[-130.7945,54.4993],[-130.812,54.4936],[-130.8242,54.4799],[-130.8352,54.4808],[-130.8443,54.4656],[-130.8623,54.4571],[-130.8602,54.4532],[-130.8732,54.4522],[-130.8691,54.4408],[-130.8766,54.4388],[-130.8665,54.4297],[-130.84,54.4449],[-130.8211,54.448],[-130.8281,54.4368],[-130.8411,54.4311],[-130.8375,54.4247],[-130.8019,54.4322],[-130.8049,54.4275],[-130.7977,54.4255],[-130.8121,54.4155],[-130.8209,54.4175],[-130.8212,54.41],[-130.7768,54.4101],[-130.7698,54.4031],[-130.7835,54.3996],[-130.782,54.3916],[-130.7998,54.3933],[-130.7879,54.3965],[-130.7881,54.4014],[-130.8151,54.3917],[-130.826,54.395],[-130.807,54.396],[-130.792,54.4045],[-130.7985,54.4075],[-130.8108,54.4079],[-130.8224,54.397],[-130.8366,54.3985],[-130.8405,54.3915],[-130.8344,54.3887],[-130.8359,54.3808],[-130.8425,54.3765],[-130.8347,54.3731],[-130.8208,54.3834],[-130.8225,54.3737],[-130.813,54.3785],[-130.799,54.3753],[-130.802,54.3708],[-130.7781,54.3693],[-130.7851,54.3636],[-130.7794,54.3532],[-130.7504,54.3504],[-130.7252,54.3547],[-130.6943,54.3738],[-130.7031,54.3853],[-130.6995,54.3936],[-130.7175,54.4133],[-130.729,54.4144],[-130.7215,54.4241],[-130.7442,54.4446],[-130.7156,54.4413],[-130.7394,54.461],[-130.7434,54.4719],[-130.7367,54.4757],[-130.7446,54.4749],[-130.7513,54.4881],[-130.7628,54.4853],[-130.7623,54.4799],[-130.7498,54.4769],[-130.7478,54.449],[-130.7615,54.4725],[-130.7774,54.4814],[-130.7859,54.4762],[-130.7749,54.4852],[-130.779,54.4881],[-130.7665,54.4869],[-130.7588,54.5013],[-130.7522,54.5016],[-130.7628,54.5081]],[[-130.8339,54.4292],[-130.8304,54.431],[-130.8304,54.4292],[-130.8339,54.4292]]],[[[-130.8456,54.5053],[-130.8368,54.5042],[-130.8361,54.5095],[-130.8456,54.5053]]],[[[-130.7473,54.5155],[-130.7548,54.5131],[-130.7465,54.5125],[-130.7473,54.5155]]],[[[-130.8198,54.5168],[-130.8303,54.515],[-130.8189,54.5152],[-130.8198,54.5168]]],[[[-130.8259,54.5174],[-130.8251,54.5177],[-130.8261,54.5176],[-130.8259,54.5174]]],[[[-130.7603,54.5221],[-130.7661,54.5215],[-130.7778,54.5129],[-130.7632,54.5131],[-130.7603,54.5221]]],[[[-130.702,54.5673],[-130.7106,54.5705],[-130.7119,54.5673],[-130.702,54.5673]]],[[[-130.6939,54.5815],[-130.701,54.5796],[-130.6937,54.579],[-130.6939,54.5815]]],[[[-131.1124,54.5754],[-131.1066,54.5779],[-131.1128,54.5775],[-131.1124,54.5754]]],[[[-130.8309,54.6154],[-130.8227,54.6144],[-130.8227,54.6171],[-130.8309,54.6154]]],[[[-130.8451,54.6266],[-130.8368,54.6282],[-130.8452,54.6292],[-130.8451,54.6266]]],[[[-130.9379,54.6281],[-130.9276,54.6297],[-130.9374,54.6316],[-130.9379,54.6281]]],[[[-131.0466,54.6269],[-131.0987,54.6292],[-131.0902,54.6199],[-131.0985,54.6173],[-131.0952,54.6102],[-131.1034,54.5877],[-131.0996,54.5754],[-131.0757,54.5776],[-131.0645,54.5917],[-131.0538,54.5893],[-131.0502,54.605],[-131.0394,54.6058],[-131.0476,54.6175],[-131.0466,54.6269]],[[-131.0809,54.5854],[-131.0786,54.5861],[-131.0786,54.5852],[-131.0809,54.5854]],[[-131.0483,54.6069],[-131.0462,54.608],[-131.048,54.6065],[-131.0483,54.6069]],[[-131.0696,54.6238],[-131.0719,54.6226],[-131.0719,54.6245],[-131.0696,54.6238]],[[-131.0879,54.5842],[-131.0844,54.5817],[-131.0876,54.58],[-131.0879,54.5842]]],[[[-130.8234,54.6341],[-130.8153,54.6382],[-130.8251,54.6364],[-130.8234,54.6341]]],[[[-130.9139,54.6376],[-130.9271,54.6345],[-130.9146,54.6334],[-130.9139,54.6376]]],[[[-130.8125,54.6406],[-130.8145,54.6447],[-130.8211,54.6426],[-130.8191,54.6406],[-130.8125,54.6406]]],[[[-130.8264,54.6409],[-130.8337,54.6468],[-130.8379,54.6407],[-130.8506,54.641],[-130.8324,54.6351],[-130.8264,54.6409]]]]}},{"type":"Feature","properties":{"name":"Thulme Falls Conservancy","des":"CONSERVANCY","cls":"conservancy","ha":64},"geometry":{"type":"MultiPolygon","coordinates":[[[[-129.9966,54.4882],[-130.0012,54.4944],[-130.0047,54.4906],[-129.9984,54.4859],[-129.9966,54.4882]]],[[[-129.9916,54.4888],[-129.9966,54.4878],[-129.9981,54.4857],[-129.9913,54.4825],[-129.9916,54.4888]]]]}},{"type":"Feature","properties":{"name":"Manzanita Cove Conservancy","des":"CONSERVANCY","cls":"conservancy","ha":62},"geometry":{"type":"Polygon","coordinates":[[[-130.4384,54.7558],[-130.436,54.7638],[-130.456,54.7562],[-130.4543,54.7544],[-130.4384,54.7558]]]}},{"type":"Feature","properties":{"name":"Zumtela Bay Conservancy","des":"CONSERVANCY","cls":"conservancy","ha":49},"geometry":{"type":"Polygon","coordinates":[[[-130.3771,54.5833],[-130.366,54.5781],[-130.3639,54.5834],[-130.3771,54.5833]]]}},{"type":"Feature","properties":{"name":"Tutshi Lake/T'Ooch' Aayi Conservancy","des":"CONSERVANCY","cls":"conservancy","ha":19640},"geometry":{"type":"Polygon","coordinates":[[[-134.4065,60.0],[-134.5257,60.0],[-134.5428,59.9933],[-134.5394,59.9869],[-134.5454,59.9761],[-134.6392,59.964],[-134.7373,59.9192],[-134.7604,59.9031],[-134.7118,59.8943],[-134.6959,59.8791],[-134.6599,59.8999],[-134.5719,59.9045],[-134.5336,59.933],[-134.4803,59.9236],[-134.4062,59.9199],[-134.3818,59.9252],[-134.2793,59.9048],[-134.2656,59.9092],[-134.2583,59.9268],[-134.2427,59.9343],[-134.2485,59.937],[-134.2553,59.9693],[-134.2654,59.9759],[-134.3084,59.9702],[-134.3176,59.9885],[-134.3293,59.9928],[-134.3514,59.9835],[-134.4065,60.0]]]}},{"type":"Feature","properties":{"name":"Willison Creek - Nelson Lake/Sit' Heeni Conservanc","des":"CONSERVANCY","cls":"conservancy","ha":10300},"geometry":{"type":"Polygon","coordinates":[[[-134.1241,59.2973],[-134.1373,59.3105],[-134.1329,59.3149],[-134.1646,59.3424],[-134.1927,59.4025],[-134.2143,59.3932],[-134.2143,59.3712],[-134.2081,59.3706],[-134.1995,59.3269],[-134.2628,59.3027],[-134.271,59.2882],[-134.1576,59.2282],[-134.1288,59.2457],[-134.1285,59.2547],[-134.1048,59.2515],[-134.1008,59.2582],[-134.0898,59.2558],[-134.0968,59.2366],[-134.0741,59.2379],[-134.0543,59.2313],[-134.0304,59.2341],[-134.0172,59.244],[-134.0352,59.2493],[-134.0481,59.2634],[-134.0396,59.2733],[-134.0426,59.2823],[-134.0871,59.2884],[-134.0972,59.301],[-134.1241,59.2973]]]}},{"type":"Feature","properties":{"name":"Indian Lake-Hitchcock Creek / Át Ch'Îni Shà Conservancy","des":"CONSERVANCY","cls":"conservancy","ha":60619},"geometry":{"type":"Polygon","coordinates":[[[-133.4208,59.8309],[-133.3737,59.8483],[-133.2881,59.858],[-133.2337,59.8974],[-133.2078,59.9048],[-133.1766,59.9036],[-133.1554,59.9161],[-133.1934,59.9565],[-133.2516,59.9609],[-133.3064,59.9926],[-133.3554,60.0012],[-133.7912,60.0006],[-133.7939,59.9808],[-133.7882,59.9607],[-133.7948,59.9405],[-133.7879,59.9274],[-133.8006,59.9044],[-133.801,59.8877],[-133.7731,59.8822],[-133.7002,59.8968],[-133.6871,59.8642],[-133.6623,59.8552],[-133.6544,59.8055],[-133.6582,59.7897],[-133.6175,59.7784],[-133.6103,59.7684],[-133.5462,59.7558],[-133.4866,59.7718],[-133.4714,59.7964],[-133.4208,59.8309]]]}},{"type":"Feature","properties":{"name":"Monarch Mountain/A Xeegi Deiyi Conservancy","des":"CONSERVANCY","cls":"conservancy","ha":424},"geometry":{"type":"Polygon","coordinates":[[[-133.6003,59.5521],[-133.6273,59.5603],[-133.6455,59.5533],[-133.6392,59.5405],[-133.6168,59.536],[-133.605,59.5391],[-133.605,59.5521],[-133.6003,59.5521]]]}},{"type":"Feature","properties":{"name":"Mount Minto/K'Iyan Conservancy","des":"CONSERVANCY","cls":"conservancy","ha":5657},"geometry":{"type":"Polygon","coordinates":[[[-133.9056,59.9907],[-133.9776,59.9884],[-133.9773,59.976],[-133.9857,59.9637],[-133.9722,59.9507],[-133.9704,59.9371],[-133.9494,59.9175],[-133.9119,59.9067],[-133.9121,59.9003],[-133.8522,59.9131],[-133.8423,59.9241],[-133.847,59.9332],[-133.84,59.936],[-133.849,59.9404],[-133.8498,59.9606],[-133.9056,59.9907]]]}},{"type":"Feature","properties":{"name":"Wilkinson-Wright Bay Conservancy","des":"CONSERVANCY","cls":"conservancy","ha":1664},"geometry":{"type":"MultiPolygon","coordinates":[[[[-125.933,54.7706],[-125.9466,54.7697],[-125.9521,54.7626],[-125.9366,54.7595],[-125.9193,54.7649],[-125.9236,54.782],[-125.9348,54.7891],[-125.9586,54.7973],[-125.964,54.7909],[-125.985,54.7909],[-125.9869,54.7784],[-125.9793,54.7713],[-125.96,54.7759],[-125.933,54.7706]],[[-125.9631,54.7865],[-125.9606,54.7868],[-125.9603,54.7863],[-125.9631,54.7865]]],[[[-126.0909,54.8301],[-126.0833,54.8322],[-126.0855,54.8386],[-126.0668,54.8389],[-126.0578,54.8262],[-126.0521,54.8469],[-126.0892,54.8479],[-126.1029,54.8381],[-126.0909,54.8301]]],[[[-125.9942,54.811],[-126.0055,54.8138],[-126.0282,54.8135],[-125.9975,54.8063],[-125.9871,54.7967],[-125.9942,54.811]]]]}},{"type":"Feature","properties":{"name":"Woodworth Lake Conservancy","des":"CONSERVANCY","cls":"conservancy","ha":4436},"geometry":{"type":"Polygon","coordinates":[[[-130.1025,54.3454],[-130.1138,54.3586],[-130.1417,54.3649],[-130.1531,54.3741],[-130.1752,54.3668],[-130.1997,54.3914],[-130.2161,54.398],[-130.2257,54.3877],[-130.2202,54.3704],[-130.225,54.3564],[-130.2363,54.3514],[-130.2364,54.3222],[-130.1938,54.3282],[-130.1699,54.3172],[-130.1569,54.3278],[-130.1203,54.3275],[-130.1025,54.3454]]]}},{"type":"Feature","properties":{"name":"Winter Inlet Conservancy","des":"CONSERVANCY","cls":"conservancy","ha":30},"geometry":{"type":"Polygon","coordinates":[[[-130.4276,54.8036],[-130.4324,54.8091],[-130.4406,54.8085],[-130.4329,54.8029],[-130.4276,54.8036]]]}},{"type":"Feature","properties":{"name":"Wales Harbour Conservancy","des":"CONSERVANCY","cls":"conservancy","ha":666},"geometry":{"type":"Polygon","coordinates":[[[-130.5889,54.7783],[-130.6122,54.7811],[-130.6073,54.7723],[-130.6213,54.7746],[-130.602,54.7622],[-130.5921,54.7373],[-130.5838,54.74],[-130.5842,54.7508],[-130.5643,54.7511],[-130.5616,54.7553],[-130.5851,54.77],[-130.5794,54.7736],[-130.5923,54.7735],[-130.5956,54.767],[-130.5889,54.7619],[-130.5941,54.7615],[-130.606,54.7718],[-130.5889,54.7783]]]}},{"type":"Feature","properties":{"name":"Ksgaxl/Stephens Island Conservancy","des":"CONSERVANCY","cls":"conservancy","ha":14018},"geometry":{"type":"MultiPolygon","coordinates":[[[[-130.7944,54.1377],[-130.782,54.1442],[-130.7739,54.1367],[-130.7816,54.1306],[-130.7667,54.1157],[-130.7489,54.111],[-130.7434,54.119],[-130.7276,54.1192],[-130.6854,54.106],[-130.6938,54.1002],[-130.6896,54.09],[-130.6743,54.1012],[-130.6576,54.1],[-130.6561,54.0825],[-130.6357,54.089],[-130.6293,54.083],[-130.639,54.075],[-130.6383,54.0641],[-130.6258,54.0509],[-130.6109,54.0526],[-130.6099,54.0578],[-130.6038,54.0576],[-130.6053,54.052],[-130.5922,54.0525],[-130.5823,54.0591],[-130.5858,54.0634],[-130.5721,54.06],[-130.5639,54.0686],[-130.5703,54.0834],[-130.5965,54.1065],[-130.6196,54.114],[-130.6136,54.1162],[-130.627,54.1221],[-130.6577,54.157],[-130.7357,54.1926],[-130.7614,54.2097],[-130.7633,54.2181],[-130.7709,54.2082],[-130.7855,54.2186],[-130.8016,54.2142],[-130.8026,54.2052],[-130.7967,54.2032],[-130.8145,54.1865],[-130.8114,54.1806],[-130.8274,54.178],[-130.8292,54.1557],[-130.8372,54.1541],[-130.8373,54.1451],[-130.8059,54.1254],[-130.7874,54.1285],[-130.7944,54.1377]],[[-130.5782,54.0648],[-130.5791,54.0638],[-130.5794,54.0643],[-130.5782,54.0648]],[[-130.7666,54.204],[-130.7643,54.2025],[-130.7689,54.2041],[-130.7666,54.204]],[[-130.653,54.1077],[-130.6531,54.1045],[-130.655,54.1036],[-130.653,54.1077]],[[-130.6261,54.1016],[-130.615,54.1018],[-130.6149,54.0875],[-130.6316,54.0899],[-130.6261,54.1016]]],[[[-130.8764,54.2946],[-130.8811,54.2968],[-130.8843,54.2941],[-130.8799,54.2919],[-130.8764,54.2946]],[[-130.8806,54.2948],[-130.8808,54.2947],[-130.8808,54.2948],[-130.8806,54.2948]],[[-130.8783,54.294],[-130.8785,54.2944],[-130.878,54.2945],[-130.8783,54.294]],[[-130.8805,54.2948],[-130.8797,54.2946],[-130.8806,54.2946],[-130.8805,54.2948]],[[-130.8792,54.2942],[-130.8804,54.2937],[-130.881,54.2942],[-130.8792,54.2942]]],[[[-130.861,54.2898],[-130.8695,54.2811],[-130.8514,54.2794],[-130.8501,54.2878],[-130.861,54.2898]]],[[[-130.8841,54.2859],[-130.8778,54.2884],[-130.8846,54.2884],[-130.8841,54.2859]]],[[[-130.8912,54.2864],[-130.8855,54.2885],[-130.8912,54.2884],[-130.8912,54.2864]]],[[[-130.8775,54.2749],[-130.8719,54.2779],[-130.8718,54.2801],[-130.879,54.2797],[-130.8775,54.2749]]],[[[-130.831,54.2567],[-130.8207,54.2546],[-130.8168,54.2656],[-130.8291,54.2758],[-130.833,54.2737],[-130.8284,54.2662],[-130.8289,54.2608],[-130.831,54.2567]],[[-130.8296,54.2577],[-130.8296,54.2573],[-130.8304,54.2573],[-130.8296,54.2577]]],[[[-130.8917,54.2723],[-130.8847,54.2703],[-130.8846,54.2727],[-130.8917,54.2723]]],[[[-130.8643,54.269],[-130.8814,54.2708],[-130.868,54.2608],[-130.8643,54.269]]],[[[-130.8358,54.2624],[-130.8301,54.2605],[-130.8299,54.2627],[-130.8358,54.2624]]],[[[-130.8687,54.257],[-130.8628,54.2593],[-130.8686,54.2593],[-130.8687,54.257]]],[[[-130.8162,54.2579],[-130.8097,54.256],[-130.8095,54.258],[-130.8162,54.2579]]],[[[-130.7987,54.2532],[-130.8057,54.2588],[-130.8156,54.2495],[-130.8085,54.2475],[-130.7987,54.2532]]],[[[-130.8858,54.2419],[-130.8723,54.247],[-130.8608,54.2383],[-130.8547,54.2559],[-130.861,54.2578],[-130.8717,54.2495],[-130.8847,54.2526],[-130.8814,54.245],[-130.8858,54.2419]]],[[[-130.836,54.2504],[-130.8295,54.2454],[-130.8268,54.252],[-130.836,54.2504]]],[[[-130.8026,54.2331],[-130.7959,54.2423],[-130.8047,54.2468],[-130.817,54.236],[-130.8026,54.2331]]],[[[-130.793,54.2279],[-130.7974,54.2337],[-130.8084,54.2278],[-130.805,54.2256],[-130.793,54.2279]]],[[[-130.8403,54.2064],[-130.8335,54.199],[-130.8161,54.2102],[-130.8353,54.2167],[-130.8403,54.2064]]],[[[-130.8217,54.181],[-130.8162,54.1833],[-130.822,54.1829],[-130.8217,54.181]]],[[[-130.8387,54.1761],[-130.833,54.1781],[-130.8385,54.1782],[-130.8387,54.1761]]],[[[-130.8352,54.1725],[-130.8472,54.1753],[-130.8457,54.164],[-130.8352,54.1725]]],[[[-130.8405,54.1633],[-130.8342,54.1619],[-130.8347,54.1641],[-130.8405,54.1633]]],[[[-130.7215,54.1085],[-130.7158,54.1107],[-130.7217,54.1107],[-130.7215,54.1085]]]]}},{"type":"Feature","properties":{"name":"Ksi X' Anmaas Conservancy","des":"CONSERVANCY","cls":"conservancy","ha":33581},"geometry":{"type":"Polygon","coordinates":[[[-129.9794,54.8339],[-130.0737,54.8075],[-130.1349,54.7962],[-130.1423,54.7999],[-130.1629,54.7915],[-130.1779,54.7964],[-130.1857,54.7828],[-130.1804,54.7635],[-130.1724,54.76],[-130.1722,54.7475],[-130.15,54.7297],[-130.131,54.7279],[-130.1232,54.7194],[-130.0867,54.718],[-130.0775,54.7086],[-130.0646,54.7085],[-130.0498,54.6989],[-130.0005,54.7022],[-129.9924,54.6943],[-129.9636,54.6936],[-129.958,54.6993],[-129.9738,54.7122],[-129.9625,54.7149],[-129.9416,54.7031],[-129.8972,54.7053],[-129.8717,54.7225],[-129.8203,54.7266],[-129.8078,54.7385],[-129.7758,54.7387],[-129.7592,54.722],[-129.752,54.7225],[-129.704,54.7379],[-129.6903,54.7488],[-129.6568,54.7557],[-129.6474,54.7738],[-129.6611,54.7804],[-129.6538,54.798],[-129.6726,54.8181],[-129.6706,54.8236],[-129.7547,54.8217],[-129.7582,54.8142],[-129.7669,54.8135],[-129.7977,54.8157],[-129.8173,54.8286],[-129.8455,54.8031],[-129.8916,54.7929],[-129.9255,54.7979],[-129.952,54.7937],[-129.9612,54.7976],[-129.965,54.8094],[-129.9607,54.8156],[-129.968,54.8218],[-129.9635,54.827],[-129.9794,54.8339]],[[-129.6762,54.7989],[-129.6793,54.7977],[-129.6793,54.7986],[-129.6762,54.7989]],[[-130.1489,54.7772],[-130.1579,54.7791],[-130.154,54.779],[-130.1492,54.778],[-130.1456,54.7785],[-130.1453,54.7779],[-130.1489,54.7772]],[[-130.1282,54.7784],[-130.093,54.7772],[-130.093,54.77],[-130.1133,54.7699],[-130.1056,54.7742],[-130.1282,54.7784]]]}}]}